Variable Information,,,,,,,,
Variable,Position,Label,Measurement Level,Role,Column Width,Alignment,Print Format,Write Format
IOBS,1,Respondent ID,Scale,Input,8,Right,F4,F4
P_METHOD_TYPE,2,INTERVIEW METHOD,Nominal,Input,8,Right,F1,F1
S1,3,S1. NATION,Nominal,Input,8,Right,F1,F1
OS1B,4,REGION/ NATION,Nominal,Input,8,Right,F2,F2
S4,5,S4. AGE OF RESPONDENT,Nominal,Input,8,Right,F1,F1
S5,6,S5. GENDER,Nominal,Input,8,Right,F1,F1
QS6A,7,S6. SOCIO-ECONOMIC GROUP: AB,Nominal,Input,8,Right,F1,F1
QS6B,8,S6. SOCIO-ECONOMIC GROUP: C1,Nominal,Input,8,Right,F1,F1
QS6C,9,S6. SOCIO-ECONOMIC GROUP: C2,Nominal,Input,8,Right,F1,F1
QS6D,10,S6. SOCIO-ECONOMIC GROUP: DE,Nominal,Input,8,Right,F1,F1
QS6E,11,S6. SOCIO-ECONOMIC GROUP: Don't know,Nominal,Input,8,Right,F1,F1
QS6F,12,S6. SOCIO-ECONOMIC GROUP: ABC1,Nominal,Input,8,Right,F1,F1
QS6G,13,S6. SOCIO-ECONOMIC GROUP: C2DE,Nominal,Input,8,Right,F1,F1
QS7A,14,S7. EMPLOYMENT STATUS OF RESPONDENT: In full time employment,Nominal,Input,8,Right,F1,F1
QS7B,15,S7. EMPLOYMENT STATUS OF RESPONDENT: In part time employment,Nominal,Input,8,Right,F1,F1
QS7C,16,S7. EMPLOYMENT STATUS OF RESPONDENT: Unemployed,Nominal,Input,8,Right,F1,F1
QS7D,17,S7. EMPLOYMENT STATUS OF RESPONDENT: A student,Nominal,Input,8,Right,F1,F1
QS7E,18,S7. EMPLOYMENT STATUS OF RESPONDENT: Full-time responsibility for home/ family,Nominal,Input,8,Right,F1,F1
QS7F,19,S7. EMPLOYMENT STATUS OF RESPONDENT: Retired,Nominal,Input,8,Right,F1,F1
QS7G,20,S7. EMPLOYMENT STATUS OF RESPONDENT: Other,Nominal,Input,8,Right,F1,F1
QS7H,21,S7. EMPLOYMENT STATUS OF RESPONDENT: Refused,Nominal,Input,8,Right,F1,F1
QS7I,22,S7. EMPLOYMENT STATUS OF RESPONDENT: TOTAL EMPLOYED,Nominal,Input,8,Right,F1,F1
Q1A,23,Q1. Which of these services that are paid for by you or someone else in your household do you or does your household have?: Landline phone service which you can use to make and receive voice calls (even if you don’t actually use it for calls),Nominal,Input,8,Right,F1,F1
Q1B,24,Q1. Which of these services that are paid for by you or someone else in your household do you or does your household have?: Mobile phone,Nominal,Input,8,Right,F1,F1
Q1C,25,"Q1. Which of these services that are paid for by you or someone else in your household do you or does your household have?: Fixed broadband internet access (through a phone line, fibre connection or cable service, perhaps using a wi-fi router)",Nominal,Input,8,Right,F1,F1
Q1D,26,Q1. Which of these services that are paid for by you or someone else in your household do you or does your household have?: A TV service (free or paid for) that can be used to watch broadcast TV channels like BBC and ITV,Nominal,Input,8,Right,F1,F1
Q1E,27,Q1. Which of these services that are paid for by you or someone else in your household do you or does your household have?: None of these,Nominal,Input,8,Right,F1,F1
Q2AA,28,"Q2AA. Thinking about your landline phone handset, is this connected via a traditional wall socket, or is it connected to a broadband router?",Nominal,Input,8,Right,F1,F1
Q2A,29,Q2A. Which of the following best describes the reason you have a landline that plugs into a broadband router?,Nominal,Input,8,Right,F1,F1
Q2BA,30,Q2B. Which of the following did getting your new landline service involve? (This may have been part of the process of getting a new broadband service): A hole was drilled through a wall in my house and a new box was installed on the outside wall,Nominal,Input,8,Right,F1,F1
Q2BB,31,Q2B. Which of the following did getting your new landline service involve? (This may have been part of the process of getting a new broadband service): An engineer installed a new broadband router inside my house,Nominal,Input,8,Right,F1,F1
Q2BC,32,"Q2B. Which of the following did getting your new landline service involve? (This may have been part of the process of getting a new broadband service): I was sent a new broadband router, which I installed myself",Nominal,Input,8,Right,F1,F1
Q2BD,33,Q2B. Which of the following did getting your new landline service involve? (This may have been part of the process of getting a new broadband service): I had to purchase a new handset that is compatible with my router,Nominal,Input,8,Right,F1,F1
Q2BE,34,Q2B. Which of the following did getting your new landline service involve? (This may have been part of the process of getting a new broadband service): My landline provider gave me a free handset that is compatible with my router,Nominal,Input,8,Right,F1,F1
Q2BF,35,Q2B. Which of the following did getting your new landline service involve? (This may have been part of the process of getting a new broadband service): My landline provider gave me an adapter to plug my existing handset into my existing router,Nominal,Input,8,Right,F1,F1
Q2BG,36,Q2B. Which of the following did getting your new landline service involve? (This may have been part of the process of getting a new broadband service): None of these,Nominal,Input,8,Right,F1,F1
Q2BH,37,Q2B. Which of the following did getting your new landline service involve? (This may have been part of the process of getting a new broadband service): Don’t know,Nominal,Input,8,Right,F1,F1
Q2C_1A,38,Q2CA. AGREEMENT WITH STATEMENTS ABOUT NEW LANDLINE SERVICE VIA BROADBAND ROUTER - The installation process went smoothly: Agree strongly,Nominal,Input,8,Right,F1,F1
Q2C_1B,39,Q2CA. AGREEMENT WITH STATEMENTS ABOUT NEW LANDLINE SERVICE VIA BROADBAND ROUTER - The installation process went smoothly: Agree slightly,Nominal,Input,8,Right,F1,F1
Q2C_1C,40,Q2CA. AGREEMENT WITH STATEMENTS ABOUT NEW LANDLINE SERVICE VIA BROADBAND ROUTER - The installation process went smoothly: Disagree slightly,Nominal,Input,8,Right,F1,F1
Q2C_1D,41,Q2CA. AGREEMENT WITH STATEMENTS ABOUT NEW LANDLINE SERVICE VIA BROADBAND ROUTER - The installation process went smoothly: Disagree strongly,Nominal,Input,8,Right,F1,F1
Q2C_1E,42,Q2CA. AGREEMENT WITH STATEMENTS ABOUT NEW LANDLINE SERVICE VIA BROADBAND ROUTER - The installation process went smoothly: Don’t know,Nominal,Input,8,Right,F1,F1
Q2C_1F,43,Q2CA. AGREEMENT WITH STATEMENTS ABOUT NEW LANDLINE SERVICE VIA BROADBAND ROUTER - The installation process went smoothly: TOTAL AGREE,Nominal,Input,8,Right,F1,F1
Q2C_1G,44,Q2CA. AGREEMENT WITH STATEMENTS ABOUT NEW LANDLINE SERVICE VIA BROADBAND ROUTER - The installation process went smoothly: TOTAL DISAGREE,Nominal,Input,8,Right,F1,F1
Q2C_2A,45,Q2CB. AGREEMENT WITH STATEMENTS ABOUT NEW LANDLINE SERVICE VIA BROADBAND ROUTER - I fully understand the technology that is being used to make and receive calls: Agree strongly,Nominal,Input,8,Right,F1,F1
Q2C_2B,46,Q2CB. AGREEMENT WITH STATEMENTS ABOUT NEW LANDLINE SERVICE VIA BROADBAND ROUTER - I fully understand the technology that is being used to make and receive calls: Agree slightly,Nominal,Input,8,Right,F1,F1
Q2C_2C,47,Q2CB. AGREEMENT WITH STATEMENTS ABOUT NEW LANDLINE SERVICE VIA BROADBAND ROUTER - I fully understand the technology that is being used to make and receive calls: Disagree slightly,Nominal,Input,8,Right,F1,F1
Q2C_2D,48,Q2CB. AGREEMENT WITH STATEMENTS ABOUT NEW LANDLINE SERVICE VIA BROADBAND ROUTER - I fully understand the technology that is being used to make and receive calls: Disagree strongly,Nominal,Input,8,Right,F1,F1
Q2C_2E,49,Q2CB. AGREEMENT WITH STATEMENTS ABOUT NEW LANDLINE SERVICE VIA BROADBAND ROUTER - I fully understand the technology that is being used to make and receive calls: Don’t know,Nominal,Input,8,Right,F1,F1
Q2C_2F,50,Q2CB. AGREEMENT WITH STATEMENTS ABOUT NEW LANDLINE SERVICE VIA BROADBAND ROUTER - I fully understand the technology that is being used to make and receive calls: TOTAL AGREE,Nominal,Input,8,Right,F1,F1
Q2C_2G,51,Q2CB. AGREEMENT WITH STATEMENTS ABOUT NEW LANDLINE SERVICE VIA BROADBAND ROUTER - I fully understand the technology that is being used to make and receive calls: TOTAL DISAGREE,Nominal,Input,8,Right,F1,F1
Q2C_3A,52,Q2CC. AGREEMENT WITH STATEMENTS ABOUT NEW LANDLINE SERVICE VIA BROADBAND ROUTER - My new service has been problem-free: Agree strongly,Nominal,Input,8,Right,F1,F1
Q2C_3B,53,Q2CC. AGREEMENT WITH STATEMENTS ABOUT NEW LANDLINE SERVICE VIA BROADBAND ROUTER - My new service has been problem-free: Agree slightly,Nominal,Input,8,Right,F1,F1
Q2C_3C,54,Q2CC. AGREEMENT WITH STATEMENTS ABOUT NEW LANDLINE SERVICE VIA BROADBAND ROUTER - My new service has been problem-free: Disagree slightly,Nominal,Input,8,Right,F1,F1
Q2C_3D,55,Q2CC. AGREEMENT WITH STATEMENTS ABOUT NEW LANDLINE SERVICE VIA BROADBAND ROUTER - My new service has been problem-free: Disagree strongly,Nominal,Input,8,Right,F1,F1
Q2C_3E,56,Q2CC. AGREEMENT WITH STATEMENTS ABOUT NEW LANDLINE SERVICE VIA BROADBAND ROUTER - My new service has been problem-free: Don’t know,Nominal,Input,8,Right,F1,F1
Q2C_3F,57,Q2CC. AGREEMENT WITH STATEMENTS ABOUT NEW LANDLINE SERVICE VIA BROADBAND ROUTER - My new service has been problem-free: TOTAL AGREE,Nominal,Input,8,Right,F1,F1
Q2C_3G,58,Q2CC. AGREEMENT WITH STATEMENTS ABOUT NEW LANDLINE SERVICE VIA BROADBAND ROUTER - My new service has been problem-free: TOTAL DISAGREE,Nominal,Input,8,Right,F1,F1
Q2C_4A,59,Q2CD. AGREEMENT WITH STATEMENTS ABOUT NEW LANDLINE SERVICE VIA BROADBAND ROUTER - My provider kept me fully informed about what would happen when: Agree strongly,Nominal,Input,8,Right,F1,F1
Q2C_4B,60,Q2CD. AGREEMENT WITH STATEMENTS ABOUT NEW LANDLINE SERVICE VIA BROADBAND ROUTER - My provider kept me fully informed about what would happen when: Agree slightly,Nominal,Input,8,Right,F1,F1
Q2C_4C,61,Q2CD. AGREEMENT WITH STATEMENTS ABOUT NEW LANDLINE SERVICE VIA BROADBAND ROUTER - My provider kept me fully informed about what would happen when: Disagree slightly,Nominal,Input,8,Right,F1,F1
Q2C_4D,62,Q2CD. AGREEMENT WITH STATEMENTS ABOUT NEW LANDLINE SERVICE VIA BROADBAND ROUTER - My provider kept me fully informed about what would happen when: Disagree strongly,Nominal,Input,8,Right,F1,F1
Q2C_4E,63,Q2CD. AGREEMENT WITH STATEMENTS ABOUT NEW LANDLINE SERVICE VIA BROADBAND ROUTER - My provider kept me fully informed about what would happen when: Don’t know,Nominal,Input,8,Right,F1,F1
Q2C_4F,64,Q2CD. AGREEMENT WITH STATEMENTS ABOUT NEW LANDLINE SERVICE VIA BROADBAND ROUTER - My provider kept me fully informed about what would happen when: TOTAL AGREE,Nominal,Input,8,Right,F1,F1
Q2C_4G,65,Q2CD. AGREEMENT WITH STATEMENTS ABOUT NEW LANDLINE SERVICE VIA BROADBAND ROUTER - My provider kept me fully informed about what would happen when: TOTAL DISAGREE,Nominal,Input,8,Right,F1,F1
Q2C_5A,66,Q2CE. AGREEMENT WITH STATEMENTS ABOUT NEW LANDLINE SERVICE VIA BROADBAND ROUTER - I fully understood what I needed to do in order to move to the new system: Agree strongly,Nominal,Input,8,Right,F1,F1
Q2C_5B,67,Q2CE. AGREEMENT WITH STATEMENTS ABOUT NEW LANDLINE SERVICE VIA BROADBAND ROUTER - I fully understood what I needed to do in order to move to the new system: Agree slightly,Nominal,Input,8,Right,F1,F1
Q2C_5C,68,Q2CE. AGREEMENT WITH STATEMENTS ABOUT NEW LANDLINE SERVICE VIA BROADBAND ROUTER - I fully understood what I needed to do in order to move to the new system: Disagree slightly,Nominal,Input,8,Right,F1,F1
Q2C_5D,69,Q2CE. AGREEMENT WITH STATEMENTS ABOUT NEW LANDLINE SERVICE VIA BROADBAND ROUTER - I fully understood what I needed to do in order to move to the new system: Disagree strongly,Nominal,Input,8,Right,F1,F1
Q2C_5E,70,Q2CE. AGREEMENT WITH STATEMENTS ABOUT NEW LANDLINE SERVICE VIA BROADBAND ROUTER - I fully understood what I needed to do in order to move to the new system: Don’t know,Nominal,Input,8,Right,F1,F1
Q2C_5F,71,Q2CE. AGREEMENT WITH STATEMENTS ABOUT NEW LANDLINE SERVICE VIA BROADBAND ROUTER - I fully understood what I needed to do in order to move to the new system: TOTAL AGREE,Nominal,Input,8,Right,F1,F1
Q2C_5G,72,Q2CE. AGREEMENT WITH STATEMENTS ABOUT NEW LANDLINE SERVICE VIA BROADBAND ROUTER - I fully understood what I needed to do in order to move to the new system: TOTAL DISAGREE,Nominal,Input,8,Right,F1,F1
SUMQ2C,73,SUMMARY OF RESPONSES TO STATEMENTS ABOUT NEW LANDLINE SERVICE VIA BROADBAND ROUTER,Nominal,Input,8,Right,F1,F1
Q3A,74,"Q3. Which, if any, of these services are you the primary or joint decision maker for – in terms of deciding which provider to use?: Landline phone service",Nominal,Input,8,Right,F1,F1
Q3B,75,"Q3. Which, if any, of these services are you the primary or joint decision maker for – in terms of deciding which provider to use?: Mobile phone",Nominal,Input,8,Right,F1,F1
Q3C,76,"Q3. Which, if any, of these services are you the primary or joint decision maker for – in terms of deciding which provider to use?: Fixed broadband internet access (through a phone line or cable service, perhaps using a wi-fi router)",Nominal,Input,8,Right,F1,F1
Q3D,77,"Q3. Which, if any, of these services are you the primary or joint decision maker for – in terms of deciding which provider to use?: A TV service (free or paid for) that can be used to watch broadcast TV channels like BBC and ITV",Nominal,Input,8,Right,F1,F1
Q3E,78,"Q3. Which, if any, of these services are you the primary or joint decision maker for – in terms of deciding which provider to use?: None of these",Nominal,Input,8,Right,F1,F1
Q4AA,79,Q4A. Which of these types of TV service does your household use at all to watch broadcast TV channels like BBC and ITV?: BT TV,Nominal,Input,8,Right,F1,F1
Q4AB,80,Q4A. Which of these types of TV service does your household use at all to watch broadcast TV channels like BBC and ITV?: BLANK CODE - PREVIOUSLY EE TV,Nominal,Input,8,Right,F1,F1
Q4AC,81,Q4A. Which of these types of TV service does your household use at all to watch broadcast TV channels like BBC and ITV?: Freeview (through a set-top box or television set),Nominal,Input,8,Right,F1,F1
Q4AD,82,"Q4A. Which of these types of TV service does your household use at all to watch broadcast TV channels like BBC and ITV?: Freesat (satellite TV, no monthly subscription)",Nominal,Input,8,Right,F1,F1
Q4AE,83,Q4A. Which of these types of TV service does your household use at all to watch broadcast TV channels like BBC and ITV?: NOW,Nominal,Input,8,Right,F1,F1
Q4AF,84,Q4A. Which of these types of TV service does your household use at all to watch broadcast TV channels like BBC and ITV?: Plusnet TV,Nominal,Input,8,Right,F1,F1
Q4AG,85,"Q4A. Which of these types of TV service does your household use at all to watch broadcast TV channels like BBC and ITV?: Sky TV (satellite TV, or Sky Glass or Sky Stream, monthly subscription)",Nominal,Input,8,Right,F1,F1
Q4AH,86,Q4A. Which of these types of TV service does your household use at all to watch broadcast TV channels like BBC and ITV?: TalkTalk TV,Nominal,Input,8,Right,F1,F1
Q4AI,87,Q4A. Which of these types of TV service does your household use at all to watch broadcast TV channels like BBC and ITV?: Virgin TV (cable TV),Nominal,Input,8,Right,F1,F1
Q4AJ,88,Q4A. Which of these types of TV service does your household use at all to watch broadcast TV channels like BBC and ITV?: YouView (no monthly subscription),Nominal,Input,8,Right,F1,F1
Q4AK,89,Q4A. Which of these types of TV service does your household use at all to watch broadcast TV channels like BBC and ITV?: Other satellite TV,Nominal,Input,8,Right,F1,F1
Q4AL,90,Q4A. Which of these types of TV service does your household use at all to watch broadcast TV channels like BBC and ITV?: None of these,Nominal,Input,8,Right,F1,F1
Q4AM,91,Q4A. Which of these types of TV service does your household use at all to watch broadcast TV channels like BBC and ITV?: ANY PAY TV SERVICES,Nominal,Input,8,Right,F1,F1
Q4AN,92,Q4A. Which of these types of TV service does your household use at all to watch broadcast TV channels like BBC and ITV?: ANY FREE TV SERVICES,Nominal,Input,8,Right,F1,F1
Q4AO,93,Q4A. Which of these types of TV service does your household use at all to watch broadcast TV channels like BBC and ITV?: ONLY FREE TV SERVICES,Nominal,Input,8,Right,F1,F1
Q4BA,94,Q4B. Which one of these is the main type of TV service watched on the household’s main TV set?: BT TV,Nominal,Input,8,Right,F1,F1
Q4BB,95,Q4B. Which one of these is the main type of TV service watched on the household’s main TV set?: BLANK CODE - PREVIOUSLY EE TV,Nominal,Input,8,Right,F1,F1
Q4BC,96,Q4B. Which one of these is the main type of TV service watched on the household’s main TV set?: Freeview (through a set-top box or television set),Nominal,Input,8,Right,F1,F1
Q4BD,97,"Q4B. Which one of these is the main type of TV service watched on the household’s main TV set?: Freesat (satellite TV, no monthly subscription)",Nominal,Input,8,Right,F1,F1
Q4BE,98,Q4B. Which one of these is the main type of TV service watched on the household’s main TV set?: NOW,Nominal,Input,8,Right,F1,F1
Q4BF,99,Q4B. Which one of these is the main type of TV service watched on the household’s main TV set?: Plusnet TV,Nominal,Input,8,Right,F1,F1
Q4BG,100,"Q4B. Which one of these is the main type of TV service watched on the household’s main TV set?: Sky TV (satellite TV, or Sky Glass or Sky Stream, monthly subscription)",Nominal,Input,8,Right,F1,F1
Q4BH,101,Q4B. Which one of these is the main type of TV service watched on the household’s main TV set?: TalkTalk TV,Nominal,Input,8,Right,F1,F1
Q4BI,102,Q4B. Which one of these is the main type of TV service watched on the household’s main TV set?: Virgin TV (cable TV),Nominal,Input,8,Right,F1,F1
Q4BJ,103,Q4B. Which one of these is the main type of TV service watched on the household’s main TV set?: YouView (no monthly subscription),Nominal,Input,8,Right,F1,F1
Q4BK,104,Q4B. Which one of these is the main type of TV service watched on the household’s main TV set?: Other satellite TV,Nominal,Input,8,Right,F1,F1
Q4BL,105,Q4B. Which one of these is the main type of TV service watched on the household’s main TV set?: None of these,Nominal,Input,8,Right,F1,F1
Q4BM,106,Q4B. Which one of these is the main type of TV service watched on the household’s main TV set?: ANY PAY TV SERVICES,Nominal,Input,8,Right,F1,F1
Q4BN,107,Q4B. Which one of these is the main type of TV service watched on the household’s main TV set?: ANY FREE TV SERVICES,Nominal,Input,8,Right,F1,F1
Q5A,108,Q5. Does your household pay to subscribe to any of these streaming services to watch TV programmes or films – using a TV set or any other type of device?: Amazon Prime Video,Nominal,Input,8,Right,F1,F1
Q5B,109,Q5. Does your household pay to subscribe to any of these streaming services to watch TV programmes or films – using a TV set or any other type of device?: Disney+,Nominal,Input,8,Right,F1,F1
Q5C,110,Q5. Does your household pay to subscribe to any of these streaming services to watch TV programmes or films – using a TV set or any other type of device?: BLANK CODE - PREVIOUSLY Hayu,Nominal,Input,8,Right,F1,F1
Q5D,111,Q5. Does your household pay to subscribe to any of these streaming services to watch TV programmes or films – using a TV set or any other type of device?: Netflix,Nominal,Input,8,Right,F1,F1
Q5E,112,Q5. Does your household pay to subscribe to any of these streaming services to watch TV programmes or films – using a TV set or any other type of device?: NOW,Nominal,Input,8,Right,F1,F1
Q5F,113,Q5. Does your household pay to subscribe to any of these streaming services to watch TV programmes or films – using a TV set or any other type of device?: BLANK CODE - PREVIOUSLY Eleven Sports,Nominal,Input,8,Right,F1,F1
Q5G,114,"Q5. Does your household pay to subscribe to any of these streaming services to watch TV programmes or films – using a TV set or any other type of device?: BLANK CODE - PREVIOUSLY You Tube Premium (monthly paid subscription, ad free)",Nominal,Input,8,Right,F1,F1
Q5H,115,Q5. Does your household pay to subscribe to any of these streaming services to watch TV programmes or films – using a TV set or any other type of device?: ITVX Premium/ STV Player VIP (premium service with no adverts),Nominal,Input,8,Right,F1,F1
Q5I,116,Q5. Does your household pay to subscribe to any of these streaming services to watch TV programmes or films – using a TV set or any other type of device?: Channel4+ (premium service with no adverts),Nominal,Input,8,Right,F1,F1
Q5J,117,Q5. Does your household pay to subscribe to any of these streaming services to watch TV programmes or films – using a TV set or any other type of device?: Apple TV+,Nominal,Input,8,Right,F1,F1
Q5K,118,Q5. Does your household pay to subscribe to any of these streaming services to watch TV programmes or films – using a TV set or any other type of device?: BritBox,Nominal,Input,8,Right,F1,F1
Q5L,119,Q5. Does your household pay to subscribe to any of these streaming services to watch TV programmes or films – using a TV set or any other type of device?: BLANK CODE - PREVIOUSLY Eurosport Player,Nominal,Input,8,Right,F1,F1
Q5M,120,Q5. Does your household pay to subscribe to any of these streaming services to watch TV programmes or films – using a TV set or any other type of device?: Paramount+,Nominal,Input,8,Right,F1,F1
Q5N,121,Q5. Does your household pay to subscribe to any of these streaming services to watch TV programmes or films – using a TV set or any other type of device?: Discovery+,Nominal,Input,8,Right,F1,F1
Q5O,122,Q5. Does your household pay to subscribe to any of these streaming services to watch TV programmes or films – using a TV set or any other type of device?: BLANK CODE - PREVIOUSLY STARZPLAY,Nominal,Input,8,Right,F1,F1
Q5P,123,Q5. Does your household pay to subscribe to any of these streaming services to watch TV programmes or films – using a TV set or any other type of device?: BLANK CODE - PREVIOUSLY MUBI,Nominal,Input,8,Right,F1,F1
Q5Q,124,Q5. Does your household pay to subscribe to any of these streaming services to watch TV programmes or films – using a TV set or any other type of device?: Any other paid-for streaming services,Nominal,Input,8,Right,F1,F1
Q5R,125,"Q5. Does your household pay to subscribe to any of these streaming services to watch TV programmes or films – using a TV set or any other type of device?: No, none",Nominal,Input,8,Right,F1,F1
Q5S,126,Q5. Does your household pay to subscribe to any of these streaming services to watch TV programmes or films – using a TV set or any other type of device?: ANY OTT SERVICES,Nominal,Input,8,Right,F1,F1
Q6A,127,Q6A. Which provider do you use for your Landline phone service?,Nominal,Input,8,Right,F2,F2
Q6B,128,Q6B. Which provider do you use for your Mobile Phone service?,Nominal,Input,8,Right,F2,F2
Q6C,129,Q6C. Which provider do you use for your Fixed Broadband service?,Nominal,Input,8,Right,F2,F2
Q6D,130,Q6D. MAIN BROADCAST TV SERVICE PROVIDER,Nominal,Input,8,Right,F2,F2
Q6EA,131,Q6E. STREAMING SERVICE PROVIDERS: Amazon Prime Video,Nominal,Input,8,Right,F1,F1
Q6EB,132,Q6E. STREAMING SERVICE PROVIDERS: Asda Mobile,Nominal,Input,8,Right,F1,F1
Q6EC,133,Q6E. STREAMING SERVICE PROVIDERS: BT,Nominal,Input,8,Right,F1,F1
Q6ED,134,Q6E. STREAMING SERVICE PROVIDERS: Disney+,Nominal,Input,8,Right,F1,F1
Q6EE,135,Q6E. STREAMING SERVICE PROVIDERS: EE,Nominal,Input,8,Right,F1,F1
Q6EF,136,Q6E. STREAMING SERVICE PROVIDERS: BLANK CODE - PREVIOUSLY Eleven Sports,Nominal,Input,8,Right,F1,F1
Q6EG,137,Q6E. STREAMING SERVICE PROVIDERS: Shell Energy/ Post Office,Nominal,Input,8,Right,F1,F1
Q6EH,138,Q6E. STREAMING SERVICE PROVIDERS: Freeview,Nominal,Input,8,Right,F1,F1
Q6EI,139,Q6E. STREAMING SERVICE PROVIDERS: Freesat,Nominal,Input,8,Right,F1,F1
Q6EJ,140,Q6E. STREAMING SERVICE PROVIDERS: GiffGaff,Nominal,Input,8,Right,F1,F1
Q6EK,141,Q6E. STREAMING SERVICE PROVIDERS: BLANK CODE - PREVIOUSLY Hayu,Nominal,Input,8,Right,F1,F1
Q6EL,142,Q6E. STREAMING SERVICE PROVIDERS: iD Mobile,Nominal,Input,8,Right,F1,F1
Q6EM,143,Q6E. STREAMING SERVICE PROVIDERS: ITVX Premium/ STV Player VIP,Nominal,Input,8,Right,F1,F1
Q6EN,144,Q6E. STREAMING SERVICE PROVIDERS: John Lewis,Nominal,Input,8,Right,F1,F1
Q6EO,145,Q6E. STREAMING SERVICE PROVIDERS: KCOM,Nominal,Input,8,Right,F1,F1
Q6EP,146,Q6E. STREAMING SERVICE PROVIDERS: Lebara,Nominal,Input,8,Right,F1,F1
Q6EQ,147,Q6E. STREAMING SERVICE PROVIDERS: Lycamobile,Nominal,Input,8,Right,F1,F1
Q6ER,148,Q6E. STREAMING SERVICE PROVIDERS: Netflix,Nominal,Input,8,Right,F1,F1
Q6ES,149,Q6E. STREAMING SERVICE PROVIDERS: NOW,Nominal,Input,8,Right,F1,F1
Q6ET,150,Q6E. STREAMING SERVICE PROVIDERS: O2,Nominal,Input,8,Right,F1,F1
Q6EU,151,Q6E. STREAMING SERVICE PROVIDERS: Your Co-op,Nominal,Input,8,Right,F1,F1
Q6EV,152,Q6E. STREAMING SERVICE PROVIDERS: Plusnet,Nominal,Input,8,Right,F1,F1
Q6EW,153,Q6E. STREAMING SERVICE PROVIDERS: POP Telecom,Nominal,Input,8,Right,F1,F1
Q6EX,154,Q6E. STREAMING SERVICE PROVIDERS: BLANK CODE - PREVIOUSLY Post Office,Nominal,Input,8,Right,F1,F1
Q6EY,155,Q6E. STREAMING SERVICE PROVIDERS: Sky,Nominal,Input,8,Right,F1,F1
Q6EZ,156,Q6E. STREAMING SERVICE PROVIDERS: Smarty,Nominal,Input,8,Right,F1,F1
Q6EAA,157,Q6E. STREAMING SERVICE PROVIDERS: OVO/ SSE,Nominal,Input,8,Right,F1,F1
Q6EAB,158,Q6E. STREAMING SERVICE PROVIDERS: TalkTalk,Nominal,Input,8,Right,F1,F1
Q6EAC,159,Q6E. STREAMING SERVICE PROVIDERS: Talkmobile,Nominal,Input,8,Right,F1,F1
Q6EAD,160,Q6E. STREAMING SERVICE PROVIDERS: Tesco Mobile,Nominal,Input,8,Right,F1,F1
Q6EAE,161,Q6E. STREAMING SERVICE PROVIDERS: ‘3’/ Three,Nominal,Input,8,Right,F1,F1
Q6EAF,162,Q6E. STREAMING SERVICE PROVIDERS: Utility Warehouse,Nominal,Input,8,Right,F1,F1
Q6EAG,163,Q6E. STREAMING SERVICE PROVIDERS: Virgin Media,Nominal,Input,8,Right,F1,F1
Q6EAH,164,Q6E. STREAMING SERVICE PROVIDERS: Vodafone,Nominal,Input,8,Right,F1,F1
Q6EAI,165,Q6E. STREAMING SERVICE PROVIDERS: BLANK CODE - PREVIOUSLY YouTube Premium,Nominal,Input,8,Right,F1,F1
Q6EAJ,166,Q6E. STREAMING SERVICE PROVIDERS: YouView,Nominal,Input,8,Right,F1,F1
Q6EAK,167,Q6E. STREAMING SERVICE PROVIDERS: Channel4+ (premium service with no adverts),Nominal,Input,8,Right,F1,F1
Q6EAL,168,Q6E. STREAMING SERVICE PROVIDERS: Apple TV+,Nominal,Input,8,Right,F1,F1
Q6EAM,169,Q6E. STREAMING SERVICE PROVIDERS: BritBox,Nominal,Input,8,Right,F1,F1
Q6EAN,170,Q6E. STREAMING SERVICE PROVIDERS: BLANK CODE - PREVIOUSLY Eurosport Player,Nominal,Input,8,Right,F1,F1
Q6EAO,171,Q6E. STREAMING SERVICE PROVIDERS: Paramount+,Nominal,Input,8,Right,F1,F1
Q6EAP,172,Q6E. STREAMING SERVICE PROVIDERS: Discovery+,Nominal,Input,8,Right,F1,F1
Q6EAQ,173,Q6E. STREAMING SERVICE PROVIDERS: BLANK CODE - PREVIOUSLY STARZPLAY,Nominal,Input,8,Right,F1,F1
Q6EAR,174,Q6E. STREAMING SERVICE PROVIDERS: BLANK CODE - PREVIOUSLY MUBI,Nominal,Input,8,Right,F1,F1
Q6EAS,175,Q6E. STREAMING SERVICE PROVIDERS: Gigaclear,Nominal,Input,8,Right,F1,F1
Q6EAT,176,Q6E. STREAMING SERVICE PROVIDERS: Hyperoptic,Nominal,Input,8,Right,F1,F1
Q6EAU,177,Q6E. STREAMING SERVICE PROVIDERS: Community Fibre,Nominal,Input,8,Right,F1,F1
Q6EAV,178,Q6E. STREAMING SERVICE PROVIDERS: Zen,Nominal,Input,8,Right,F1,F1
Q6EAW,179,Q6E. STREAMING SERVICE PROVIDERS: VOXI,Nominal,Input,8,Right,F1,F1
Q6EAX,180,Q6E. STREAMING SERVICE PROVIDERS: Other supplier,Nominal,Input,8,Right,F1,F1
Q6J,181,"Q6J. Thinking about your Landline phone service and the contract you have with (PROVIDER), which of these statements best describes you?",Nominal,Input,8,Right,F1,F1
Q6K,182,"Q6K. Thinking about your Fixed Broadband service and the contract you have with (PROVIDER), which of these statements best describes you?",Nominal,Input,8,Right,F1,F1
Q6L,183,"Q6L. Thinking about your Pay TV Service and the contract you have with (PROVIDER), which of these statements best describes you?",Nominal,Input,8,Right,F1,F1
Q6P,184,"Q6P. When did you sign up to your CURRENT Landline phone service package, by which I mean when do you last recall being in touch with the provider to set up the contract initially or agree to extend your service with them?",Nominal,Input,8,Right,F1,F1
Q6Q,185,"Q6Q. When did you sign up to your CURRENT Fixed Broadband service package, by which I mean when do you last recall being in touch with the provider to set up the contract initially or agree to extend your service with them?",Nominal,Input,8,Right,F1,F1
Q6R,186,"Q6R. When did you sign up to your CURRENT Pay TV service package, by which I mean when do you last recall being in touch with the provider to set up the contract initially or agree to extend your service with them?",Nominal,Input,8,Right,F1,F1
Q6S,187,"Q6S. Have you made any changes to your Landline phone service package in the last two years – for example changed package, changed speed, added any services?",Nominal,Input,8,Right,F1,F1
Q6T,188,"Q6T. Have you made any changes to your Fixed Broadband service package in the last two years – for example changed package, changed speed, added any services?",Nominal,Input,8,Right,F1,F1
Q6U,189,"Q6U. Have you made any changes to your Pay TV service package in the last two years – for example changed package, changed speed, added any services?",Nominal,Input,8,Right,F1,F1
QCONTLLA,190,SUMMARY OF CONTRACT STATUS - LANDLINE: VERY CERTAIN IN CONTRACT,Nominal,Input,8,Right,F1,F1
QCONTLLB,191,SUMMARY OF CONTRACT STATUS - LANDLINE: POSSIBLY IN CONTRACT (INCLUDING IN CONTRACT BUT NOT VERY CERTAIN OR SET UP/ EXTENSION/ CHANGES TO SERVICE IN LAST TWO YEARS),Nominal,Input,8,Right,F1,F1
QCONTLLC,192,SUMMARY OF CONTRACT STATUS - LANDLINE: UNSURE WHETHER IN OR OUT OF CONTRACT (EXCLUDING ANY SET UP/ EXTENSION/ CHANGES TO SERVICE IN LAST TWO YEARS),Nominal,Input,8,Right,F1,F1
QCONTLLD,193,SUMMARY OF CONTRACT STATUS - LANDLINE: POSSIBLY OUT OF CONTRACT (INCLUDING OUT OF CONTRACT BUT NOT VERY CERTAIN AND EXCLUDING ANY SET UP/ EXTENSION/ CHANGES TO SERVICE IN LAST TWO YEARS),Nominal,Input,8,Right,F1,F1
QCONTLLE,194,SUMMARY OF CONTRACT STATUS - LANDLINE: VERY CERTAIN OUT OF CONTRACT,Nominal,Input,8,Right,F1,F1
QCONTLLF,195,SUMMARY OF CONTRACT STATUS - LANDLINE: IN CONTRACT,Nominal,Input,8,Right,F1,F1
QCONTLLG,196,SUMMARY OF CONTRACT STATUS - LANDLINE: OUT OF CONTRACT,Nominal,Input,8,Right,F1,F1
BKCONTLL,197,LANDLINE CONTRACT STATUS,Nominal,Input,8,Right,F1,F1
QCONTLL2A,198,SUMMARY OF CONTRACT STATUS (EXCLUDING RECENT EXPERIENCE OF SET UP/ EXTENSION/ CHANGES TO SERVICE) - LANDLINE: TOTAL IN CONTRACT,Nominal,Input,8,Right,F1,F1
QCONTLL2B,199,SUMMARY OF CONTRACT STATUS (EXCLUDING RECENT EXPERIENCE OF SET UP/ EXTENSION/ CHANGES TO SERVICE) - LANDLINE: VERY CERTAIN,Nominal,Input,8,Right,F1,F1
QCONTLL2C,200,SUMMARY OF CONTRACT STATUS (EXCLUDING RECENT EXPERIENCE OF SET UP/ EXTENSION/ CHANGES TO SERVICE) - LANDLINE: NOT 'VERY CERTAIN',Nominal,Input,8,Right,F1,F1
QCONTLL2D,201,SUMMARY OF CONTRACT STATUS (EXCLUDING RECENT EXPERIENCE OF SET UP/ EXTENSION/ CHANGES TO SERVICE) - LANDLINE: TOTAL OUT OF CONTRACT,Nominal,Input,8,Right,F1,F1
QCONTLL2E,202,SUMMARY OF CONTRACT STATUS (EXCLUDING RECENT EXPERIENCE OF SET UP/ EXTENSION/ CHANGES TO SERVICE) - LANDLINE: VERY CERTAIN,Nominal,Input,8,Right,F1,F1
QCONTLL2F,203,SUMMARY OF CONTRACT STATUS (EXCLUDING RECENT EXPERIENCE OF SET UP/ EXTENSION/ CHANGES TO SERVICE) - LANDLINE: NOT 'VERY CERTAIN',Nominal,Input,8,Right,F1,F1
QCONTLL2G,204,SUMMARY OF CONTRACT STATUS (EXCLUDING RECENT EXPERIENCE OF SET UP/ EXTENSION/ CHANGES TO SERVICE) - LANDLINE: DON'T KNOW WHETHER IN OR OUT OF CONTRACT,Nominal,Input,8,Right,F1,F1
QCONTLL2H,205,SUMMARY OF CONTRACT STATUS (EXCLUDING RECENT EXPERIENCE OF SET UP/ EXTENSION/ CHANGES TO SERVICE) - LANDLINE: NOT SURE IF EVER HAD A CONTRACT,Nominal,Input,8,Right,F1,F1
QCONTBBA,206,SUMMARY OF CONTRACT STATUS - FIXED BROADBAND: VERY CERTAIN IN CONTRACT,Nominal,Input,8,Right,F1,F1
QCONTBBB,207,SUMMARY OF CONTRACT STATUS - FIXED BROADBAND: POSSIBLY IN CONTRACT (INCLUDING IN CONTRACT BUT NOT VERY CERTAIN OR SET UP/ EXTENSION/ CHANGES TO SERVICE IN LAST TWO YEARS),Nominal,Input,8,Right,F1,F1
QCONTBBC,208,SUMMARY OF CONTRACT STATUS - FIXED BROADBAND: UNSURE WHETHER IN OR OUT OF CONTRACT (EXCLUDING ANY SET UP/ EXTENSION/ CHANGES TO SERVICE IN LAST TWO YEARS),Nominal,Input,8,Right,F1,F1
QCONTBBD,209,SUMMARY OF CONTRACT STATUS - FIXED BROADBAND: POSSIBLY OUT OF CONTRACT (INCLUDING OUT OF CONTRACT BUT NOT VERY CERTAIN AND EXCLUDING ANY SET UP/ EXTENSION/ CHANGES TO SERVICE IN LAST TWO YEARS),Nominal,Input,8,Right,F1,F1
QCONTBBE,210,SUMMARY OF CONTRACT STATUS - FIXED BROADBAND: VERY CERTAIN OUT OF CONTRACT,Nominal,Input,8,Right,F1,F1
QCONTBBF,211,SUMMARY OF CONTRACT STATUS - FIXED BROADBAND: IN CONTRACT,Nominal,Input,8,Right,F1,F1
QCONTBBG,212,SUMMARY OF CONTRACT STATUS - FIXED BROADBAND: OUT OF CONTRACT,Nominal,Input,8,Right,F1,F1
BKCONTBB,213,FIXED BROADBAND CONTRACT STATUS,Nominal,Input,8,Right,F1,F1
QCONTBB2A,214,SUMMARY OF CONTRACT STATUS (EXCLUDING RECENT EXPERIENCE OF SET UP/ EXTENSION/ CHANGES TO SERVICE) - FIXED BROADBAND: TOTAL IN CONTRACT,Nominal,Input,8,Right,F1,F1
QCONTBB2B,215,SUMMARY OF CONTRACT STATUS (EXCLUDING RECENT EXPERIENCE OF SET UP/ EXTENSION/ CHANGES TO SERVICE) - FIXED BROADBAND: VERY CERTAIN,Nominal,Input,8,Right,F1,F1
QCONTBB2C,216,SUMMARY OF CONTRACT STATUS (EXCLUDING RECENT EXPERIENCE OF SET UP/ EXTENSION/ CHANGES TO SERVICE) - FIXED BROADBAND: NOT 'VERY CERTAIN',Nominal,Input,8,Right,F1,F1
QCONTBB2D,217,SUMMARY OF CONTRACT STATUS (EXCLUDING RECENT EXPERIENCE OF SET UP/ EXTENSION/ CHANGES TO SERVICE) - FIXED BROADBAND: TOTAL OUT OF CONTRACT,Nominal,Input,8,Right,F1,F1
QCONTBB2E,218,SUMMARY OF CONTRACT STATUS (EXCLUDING RECENT EXPERIENCE OF SET UP/ EXTENSION/ CHANGES TO SERVICE) - FIXED BROADBAND: VERY CERTAIN,Nominal,Input,8,Right,F1,F1
QCONTBB2F,219,SUMMARY OF CONTRACT STATUS (EXCLUDING RECENT EXPERIENCE OF SET UP/ EXTENSION/ CHANGES TO SERVICE) - FIXED BROADBAND: NOT 'VERY CERTAIN',Nominal,Input,8,Right,F1,F1
QCONTBB2G,220,SUMMARY OF CONTRACT STATUS (EXCLUDING RECENT EXPERIENCE OF SET UP/ EXTENSION/ CHANGES TO SERVICE) - FIXED BROADBAND: DON'T KNOW WHETHER IN OR OUT OF CONTRACT,Nominal,Input,8,Right,F1,F1
QCONTBB2H,221,SUMMARY OF CONTRACT STATUS (EXCLUDING RECENT EXPERIENCE OF SET UP/ EXTENSION/ CHANGES TO SERVICE) - FIXED BROADBAND: NOT SURE IF EVER HAD A CONTRACT,Nominal,Input,8,Right,F1,F1
QCONTPTVA,222,SUMMARY OF CONTRACT STATUS - PAY TV: VERY CERTAIN IN CONTRACT,Nominal,Input,8,Right,F1,F1
QCONTPTVB,223,SUMMARY OF CONTRACT STATUS - PAY TV: POSSIBLY IN CONTRACT (INCLUDING IN CONTRACT BUT NOT VERY CERTAIN OR SET UP/ EXTENSION/ CHANGES TO SERVICE IN LAST TWO YEARS),Nominal,Input,8,Right,F1,F1
QCONTPTVC,224,SUMMARY OF CONTRACT STATUS - PAY TV: UNSURE WHETHER IN OR OUT OF CONTRACT (EXCLUDING ANY SET UP/ EXTENSION/ CHANGES TO SERVICE IN LAST TWO YEARS),Nominal,Input,8,Right,F1,F1
QCONTPTVD,225,SUMMARY OF CONTRACT STATUS - PAY TV: POSSIBLY OUT OF CONTRACT (INCLUDING OUT OF CONTRACT BUT NOT VERY CERTAIN AND EXCLUDING ANY SET UP/ EXTENSION/ CHANGES TO SERVICE IN LAST TWO YEARS),Nominal,Input,8,Right,F1,F1
QCONTPTVE,226,SUMMARY OF CONTRACT STATUS - PAY TV: VERY CERTAIN OUT OF CONTRACT,Nominal,Input,8,Right,F1,F1
QCONTPTVF,227,SUMMARY OF CONTRACT STATUS - PAY TV: IN CONTRACT,Nominal,Input,8,Right,F1,F1
QCONTPTVG,228,SUMMARY OF CONTRACT STATUS - PAY TV: OUT OF CONTRACT,Nominal,Input,8,Right,F1,F1
BKCONTPTV,229,PAY TV CONTRACT STATUS,Nominal,Input,8,Right,F1,F1
QCONTPTV2A,230,SUMMARY OF CONTRACT STATUS (EXCLUDING RECENT EXPERIENCE OF SET UP/ EXTENSION/ CHANGES TO SERVICE) - PAY TV: TOTAL IN CONTRACT,Nominal,Input,8,Right,F1,F1
QCONTPTV2B,231,SUMMARY OF CONTRACT STATUS (EXCLUDING RECENT EXPERIENCE OF SET UP/ EXTENSION/ CHANGES TO SERVICE) - PAY TV: VERY CERTAIN,Nominal,Input,8,Right,F1,F1
QCONTPTV2C,232,SUMMARY OF CONTRACT STATUS (EXCLUDING RECENT EXPERIENCE OF SET UP/ EXTENSION/ CHANGES TO SERVICE) - PAY TV: NOT 'VERY CERTAIN',Nominal,Input,8,Right,F1,F1
QCONTPTV2D,233,SUMMARY OF CONTRACT STATUS (EXCLUDING RECENT EXPERIENCE OF SET UP/ EXTENSION/ CHANGES TO SERVICE) - PAY TV: TOTAL OUT OF CONTRACT,Nominal,Input,8,Right,F1,F1
QCONTPTV2E,234,SUMMARY OF CONTRACT STATUS (EXCLUDING RECENT EXPERIENCE OF SET UP/ EXTENSION/ CHANGES TO SERVICE) - PAY TV: VERY CERTAIN,Nominal,Input,8,Right,F1,F1
QCONTPTV2F,235,SUMMARY OF CONTRACT STATUS (EXCLUDING RECENT EXPERIENCE OF SET UP/ EXTENSION/ CHANGES TO SERVICE) - PAY TV: NOT 'VERY CERTAIN',Nominal,Input,8,Right,F1,F1
QCONTPTV2G,236,SUMMARY OF CONTRACT STATUS (EXCLUDING RECENT EXPERIENCE OF SET UP/ EXTENSION/ CHANGES TO SERVICE) - PAY TV: DON'T KNOW WHETHER IN OR OUT OF CONTRACT,Nominal,Input,8,Right,F1,F1
QCONTPTV2H,237,SUMMARY OF CONTRACT STATUS (EXCLUDING RECENT EXPERIENCE OF SET UP/ EXTENSION/ CHANGES TO SERVICE) - PAY TV: NOT SURE IF EVER HAD A CONTRACT,Nominal,Input,8,Right,F1,F1
Q7AA,238,Q7A. SERVICES FROM THE SAME PROVIDER IN BUNDLE 1 - SIMPLE BUNDLE: Landline phone service,Nominal,Input,8,Right,F1,F1
Q7AB,239,Q7A. SERVICES FROM THE SAME PROVIDER IN BUNDLE 1 - SIMPLE BUNDLE: Mobile Phone,Nominal,Input,8,Right,F1,F1
Q7AC,240,"Q7A. SERVICES FROM THE SAME PROVIDER IN BUNDLE 1 - SIMPLE BUNDLE: Fixed broadband internet access (through a phone line, fibre connection or cable service, perhaps using a wi-fi router)",Nominal,Input,8,Right,F1,F1
Q7AD,241,Q7A. SERVICES FROM THE SAME PROVIDER IN BUNDLE 1 - SIMPLE BUNDLE: Pay TV service,Nominal,Input,8,Right,F1,F1
Q7AE,242,"Q7A. SERVICES FROM THE SAME PROVIDER IN BUNDLE 1 - SIMPLE BUNDLE: QUAD PLAY - LANDLINE, MOBILE PHONE, FIXED BROADBAND AND PAY TV",Nominal,Input,8,Right,F1,F1
Q7AF,243,"Q7A. SERVICES FROM THE SAME PROVIDER IN BUNDLE 1 - SIMPLE BUNDLE: TRIPLE PLAY - LANDLINE, FIXED BROADBAND AND PAY TV",Nominal,Input,8,Right,F1,F1
Q7AG,244,Q7A. SERVICES FROM THE SAME PROVIDER IN BUNDLE 1 - SIMPLE BUNDLE: DUAL PLAY - LANDLINE AND FIXED BROADBAND,Nominal,Input,8,Right,F1,F1
Q7AH,245,"Q7A. SERVICES FROM THE SAME PROVIDER IN BUNDLE 1 - SIMPLE BUNDLE: LANDLINE, MOBILE PHONE AND FIXED BROADBAND",Nominal,Input,8,Right,F1,F1
Q7AI,246,Q7A. SERVICES FROM THE SAME PROVIDER IN BUNDLE 1 - SIMPLE BUNDLE: FIXED BROADBAND AND PAY TV,Nominal,Input,8,Right,F1,F1
Q7AJ,247,Q7A. SERVICES FROM THE SAME PROVIDER IN BUNDLE 1 - SIMPLE BUNDLE: MOBILE PHONE AND FIXED BROADBAND,Nominal,Input,8,Right,F1,F1
Q7AK,248,Q7A. SERVICES FROM THE SAME PROVIDER IN BUNDLE 1 - SIMPLE BUNDLE: LANDLINE AND MOBILE PHONE,Nominal,Input,8,Right,F1,F1
Q7AL,249,"Q7A. SERVICES FROM THE SAME PROVIDER IN BUNDLE 1 - SIMPLE BUNDLE: LANDLINE, MOBILE PHONE AND PAY TV",Nominal,Input,8,Right,F1,F1
Q7AM,250,Q7A. SERVICES FROM THE SAME PROVIDER IN BUNDLE 1 - SIMPLE BUNDLE: LANDLINE AND PAY TV,Nominal,Input,8,Right,F1,F1
Q7AN,251,"Q7A. SERVICES FROM THE SAME PROVIDER IN BUNDLE 1 - SIMPLE BUNDLE: MOBILE PHONE, FIXED BROADBAND AND PAY TV",Nominal,Input,8,Right,F1,F1
Q7AO,252,Q7A. SERVICES FROM THE SAME PROVIDER IN BUNDLE 1 - SIMPLE BUNDLE: MOBILE PHONE AND PAY TV,Nominal,Input,8,Right,F1,F1
Q7AP,253,Q7A. SERVICES FROM THE SAME PROVIDER IN BUNDLE 1 - SIMPLE BUNDLE: NONE,Nominal,Input,8,Right,F1,F1
Q7BA,254,Q7B. SERVICES FROM THE SAME PROVIDER IN BUNDLE 2 - SIMPLE BUNDLE: Landline,Nominal,Input,8,Right,F1,F1
Q7BB,255,Q7B. SERVICES FROM THE SAME PROVIDER IN BUNDLE 2 - SIMPLE BUNDLE: Mobile Phone,Nominal,Input,8,Right,F1,F1
Q7BC,256,Q7B. SERVICES FROM THE SAME PROVIDER IN BUNDLE 2 - SIMPLE BUNDLE: Fixed Broadband,Nominal,Input,8,Right,F1,F1
Q7BD,257,Q7B. SERVICES FROM THE SAME PROVIDER IN BUNDLE 2 - SIMPLE BUNDLE: Pay TV service,Nominal,Input,8,Right,F1,F1
Q7BE,258,"Q7B. SERVICES FROM THE SAME PROVIDER IN BUNDLE 2 - SIMPLE BUNDLE: QUAD PLAY - LANDLINE, MOBILE PHONE, FIXED BROADBAND AND PAY TV",Nominal,Input,8,Right,F1,F1
Q7BF,259,"Q7B. SERVICES FROM THE SAME PROVIDER IN BUNDLE 2 - SIMPLE BUNDLE: TRIPLE PLAY - LANDLINE, FIXED BROADBAND AND PAY TV",Nominal,Input,8,Right,F1,F1
Q7BG,260,Q7B. SERVICES FROM THE SAME PROVIDER IN BUNDLE 2 - SIMPLE BUNDLE: DUAL PLAY - LANDLINE AND FIXED BROADBAND,Nominal,Input,8,Right,F1,F1
Q7BH,261,"Q7B. SERVICES FROM THE SAME PROVIDER IN BUNDLE 2 - SIMPLE BUNDLE: LANDLINE, MOBILE PHONE AND FIXED BROADBAND",Nominal,Input,8,Right,F1,F1
Q7BI,262,Q7B. SERVICES FROM THE SAME PROVIDER IN BUNDLE 2 - SIMPLE BUNDLE: FIXED BROADBAND AND PAY TV,Nominal,Input,8,Right,F1,F1
Q7BJ,263,Q7B. SERVICES FROM THE SAME PROVIDER IN BUNDLE 2 - SIMPLE BUNDLE: MOBILE PHONE AND FIXED BROADBAND,Nominal,Input,8,Right,F1,F1
Q7BK,264,Q7B. SERVICES FROM THE SAME PROVIDER IN BUNDLE 2 - SIMPLE BUNDLE: LANDLINE AND MOBILE PHONE,Nominal,Input,8,Right,F1,F1
Q7BL,265,"Q7B. SERVICES FROM THE SAME PROVIDER IN BUNDLE 2 - SIMPLE BUNDLE: LANDLINE, MOBILE PHONE AND PAY TV",Nominal,Input,8,Right,F1,F1
Q7BM,266,Q7B. SERVICES FROM THE SAME PROVIDER IN BUNDLE 2 - SIMPLE BUNDLE: LANDLINE AND PAY TV,Nominal,Input,8,Right,F1,F1
Q7BN,267,"Q7B. SERVICES FROM THE SAME PROVIDER IN BUNDLE 2 - SIMPLE BUNDLE: MOBILE PHONE, FIXED BROADBAND AND PAY TV",Nominal,Input,8,Right,F1,F1
Q7BO,268,Q7B. SERVICES FROM THE SAME PROVIDER IN BUNDLE 2 - SIMPLE BUNDLE: MOBILE PHONE AND PAY TV,Nominal,Input,8,Right,F1,F1
Q7BP,269,Q7B. SERVICES FROM THE SAME PROVIDER IN BUNDLE 2 - SIMPLE BUNDLE: NONE,Nominal,Input,8,Right,F1,F1
Q7ABA,270,Q7A/Q7B. SERVICES FROM THE SAME PROVIDER IN BUNDLE 1 OR IN BUNDLE 2 - SIMPLE BUNDLE: Landline phone service,Nominal,Input,8,Right,F1,F1
Q7ABB,271,Q7A/Q7B. SERVICES FROM THE SAME PROVIDER IN BUNDLE 1 OR IN BUNDLE 2 - SIMPLE BUNDLE: Mobile Phone,Nominal,Input,8,Right,F1,F1
Q7ABC,272,"Q7A/Q7B. SERVICES FROM THE SAME PROVIDER IN BUNDLE 1 OR IN BUNDLE 2 - SIMPLE BUNDLE: Fixed broadband internet access (through a phone line, fibre connection or cable service, perhaps using a wi-fi router)",Nominal,Input,8,Right,F1,F1
Q7ABD,273,Q7A/Q7B. SERVICES FROM THE SAME PROVIDER IN BUNDLE 1 OR IN BUNDLE 2 - SIMPLE BUNDLE: Pay TV service,Nominal,Input,8,Right,F1,F1
Q7ABE,274,"Q7A/Q7B. SERVICES FROM THE SAME PROVIDER IN BUNDLE 1 OR IN BUNDLE 2 - SIMPLE BUNDLE: QUAD PLAY - LANDLINE, MOBILE PHONE, FIXED BROADBAND AND PAY TV",Nominal,Input,8,Right,F1,F1
Q7ABF,275,"Q7A/Q7B. SERVICES FROM THE SAME PROVIDER IN BUNDLE 1 OR IN BUNDLE 2 - SIMPLE BUNDLE: TRIPLE PLAY - LANDLINE, FIXED BROADBAND AND PAY TV",Nominal,Input,8,Right,F1,F1
Q7ABG,276,Q7A/Q7B. SERVICES FROM THE SAME PROVIDER IN BUNDLE 1 OR IN BUNDLE 2 - SIMPLE BUNDLE: DUAL PLAY - LANDLINE AND FIXED BROADBAND,Nominal,Input,8,Right,F1,F1
Q7ABH,277,"Q7A/Q7B. SERVICES FROM THE SAME PROVIDER IN BUNDLE 1 OR IN BUNDLE 2 - SIMPLE BUNDLE: LANDLINE, MOBILE PHONE AND FIXED BROADBAND",Nominal,Input,8,Right,F1,F1
Q7ABI,278,Q7A/Q7B. SERVICES FROM THE SAME PROVIDER IN BUNDLE 1 OR IN BUNDLE 2 - SIMPLE BUNDLE: FIXED BROADBAND AND PAY TV,Nominal,Input,8,Right,F1,F1
Q7ABJ,279,Q7A/Q7B. SERVICES FROM THE SAME PROVIDER IN BUNDLE 1 OR IN BUNDLE 2 - SIMPLE BUNDLE: MOBILE PHONE AND FIXED BROADBAND,Nominal,Input,8,Right,F1,F1
Q7ABK,280,Q7A/Q7B. SERVICES FROM THE SAME PROVIDER IN BUNDLE 1 OR IN BUNDLE 2 - SIMPLE BUNDLE: LANDLINE AND MOBILE PHONE,Nominal,Input,8,Right,F1,F1
Q7ABL,281,"Q7A/Q7B. SERVICES FROM THE SAME PROVIDER IN BUNDLE 1 OR IN BUNDLE 2 - SIMPLE BUNDLE: LANDLINE, MOBILE PHONE AND PAY TV",Nominal,Input,8,Right,F1,F1
Q7ABM,282,Q7A/Q7B. SERVICES FROM THE SAME PROVIDER IN BUNDLE 1 OR IN BUNDLE 2 - SIMPLE BUNDLE: LANDLINE AND PAY TV,Nominal,Input,8,Right,F1,F1
Q7ABN,283,"Q7A/Q7B. SERVICES FROM THE SAME PROVIDER IN BUNDLE 1 OR IN BUNDLE 2 - SIMPLE BUNDLE: MOBILE PHONE, FIXED BROADBAND AND PAY TV",Nominal,Input,8,Right,F1,F1
Q7ABO,284,Q7A/Q7B. SERVICES FROM THE SAME PROVIDER IN BUNDLE 1 OR IN BUNDLE 2 - SIMPLE BUNDLE: MOBILE PHONE AND PAY TV,Nominal,Input,8,Right,F1,F1
Q7ABP,285,Q7A/Q7B. SERVICES FROM THE SAME PROVIDER IN BUNDLE 1 OR IN BUNDLE 2 - SIMPLE BUNDLE: NONE,Nominal,Input,8,Right,F1,F1
QCONTTP,286,SUMMARY OF CONTRACT STATUS - TRIPLE PLAY,Nominal,Input,8,Right,F1,F1
QCONTDP,287,SUMMARY OF CONTRACT STATUS - DUAL PLAY,Nominal,Input,8,Right,F1,F1
Q7CA,288,Q7C. STANDALONE SERVICES - DON'T USE SERVICE PROVIDER FOR OTHER SERVICES: Landline,Nominal,Input,8,Right,F1,F1
Q7CB,289,Q7C. STANDALONE SERVICES - DON'T USE SERVICE PROVIDER FOR OTHER SERVICES: Mobile Phone,Nominal,Input,8,Right,F1,F1
Q7CC,290,Q7C. STANDALONE SERVICES - DON'T USE SERVICE PROVIDER FOR OTHER SERVICES: Fixed Broadband,Nominal,Input,8,Right,F1,F1
Q7CD,291,Q7C. STANDALONE SERVICES - DON'T USE SERVICE PROVIDER FOR OTHER SERVICES: Pay TV service,Nominal,Input,8,Right,F1,F1
Q7CE,292,Q7C. STANDALONE SERVICES - DON'T USE SERVICE PROVIDER FOR OTHER SERVICES: Free TV Service,Nominal,Input,8,Right,F1,F1
Q7CF,293,Q7C. STANDALONE SERVICES - DON'T USE SERVICE PROVIDER FOR OTHER SERVICES: NONE,Nominal,Input,8,Right,F1,F1
Q8A,294,"Q8A. Thinking about these services, do you regard them as a package of services or as individual services?",Nominal,Input,8,Right,F1,F1
Q8BA,295,Q8B. So which services would you consider to be a package from (BUNDLE 1 PROVIDER)?: Landlinephone service,Nominal,Input,8,Right,F1,F1
Q8BB,296,Q8B. So which services would you consider to be a package from (BUNDLE 1 PROVIDER)?: Mobile Phone,Nominal,Input,8,Right,F1,F1
Q8BC,297,"Q8B. So which services would you consider to be a package from (BUNDLE 1 PROVIDER)?: Fixed broadband internet access (through a phone line, fibre connection or cable service, perhaps using a wi-fi router)",Nominal,Input,8,Right,F1,F1
Q8BD,298,Q8B. So which services would you consider to be a package from (BUNDLE 1 PROVIDER)?: TV service,Nominal,Input,8,Right,F1,F1
Q8BE,299,"Q8B. So which services would you consider to be a package from (BUNDLE 1 PROVIDER)?: QUAD PLAY - LANDLINE, MOBILE PHONE, FIXED BROADBAND AND PAY TV",Nominal,Input,8,Right,F1,F1
Q8BF,300,"Q8B. So which services would you consider to be a package from (BUNDLE 1 PROVIDER)?: TRIPLE PLAY - LANDLINE, FIXED BROADBAND AND PAY TV",Nominal,Input,8,Right,F1,F1
Q8BG,301,Q8B. So which services would you consider to be a package from (BUNDLE 1 PROVIDER)?: DUAL PLAY - LANDLINE AND FIXED BROADBAND,Nominal,Input,8,Right,F1,F1
Q8BH,302,"Q8B. So which services would you consider to be a package from (BUNDLE 1 PROVIDER)?: LANDLINE, MOBILE PHONE AND FIXED BROADBAND",Nominal,Input,8,Right,F1,F1
Q8BI,303,Q8B. So which services would you consider to be a package from (BUNDLE 1 PROVIDER)?: FIXED BROADBAND AND PAY TV,Nominal,Input,8,Right,F1,F1
Q8BJ,304,Q8B. So which services would you consider to be a package from (BUNDLE 1 PROVIDER)?: MOBILE PHONE AND FIXED BROADBAND,Nominal,Input,8,Right,F1,F1
Q8BK,305,Q8B. So which services would you consider to be a package from (BUNDLE 1 PROVIDER)?: LANDLINE AND MOBILE PHONE,Nominal,Input,8,Right,F1,F1
Q8BL,306,"Q8B. So which services would you consider to be a package from (BUNDLE 1 PROVIDER)?: LANDLINE, MOBILE PHONE AND PAY TV",Nominal,Input,8,Right,F1,F1
Q8BM,307,Q8B. So which services would you consider to be a package from (BUNDLE 1 PROVIDER)?: LANDLINE AND PAY TV,Nominal,Input,8,Right,F1,F1
Q8BN,308,"Q8B. So which services would you consider to be a package from (BUNDLE 1 PROVIDER)?: MOBILE PHONE, FIXED BROADBAND AND PAY TV",Nominal,Input,8,Right,F1,F1
Q8BO,309,Q8B. So which services would you consider to be a package from (BUNDLE 1 PROVIDER)?: MOBILE PHONE AND PAY TV,Nominal,Input,8,Right,F1,F1
Q8C,310,"Q8C. Thinking about these services, do you regard them as a package of services or as individual services?",Nominal,Input,8,Right,F1,F1
Q9AA,311,Q9A. SERVICES CONSIDERED TO BE A PACKAGE OF SERVICES IN BUNDLE 1: Landline phone service,Nominal,Input,8,Right,F1,F1
Q9AB,312,Q9A. SERVICES CONSIDERED TO BE A PACKAGE OF SERVICES IN BUNDLE 1: Mobile Phone,Nominal,Input,8,Right,F1,F1
Q9AC,313,Q9A. SERVICES CONSIDERED TO BE A PACKAGE OF SERVICES IN BUNDLE 1: Fixed Broadband,Nominal,Input,8,Right,F1,F1
Q9AD,314,Q9A. SERVICES CONSIDERED TO BE A PACKAGE OF SERVICES IN BUNDLE 1: Pay TV service,Nominal,Input,8,Right,F1,F1
Q9AE,315,"Q9A. SERVICES CONSIDERED TO BE A PACKAGE OF SERVICES IN BUNDLE 1: QUAD PLAY - LANDLINE, MOBILE PHONE, FIXED BROADBAND AND PAY TV",Nominal,Input,8,Right,F1,F1
Q9AF,316,"Q9A. SERVICES CONSIDERED TO BE A PACKAGE OF SERVICES IN BUNDLE 1: TRIPLE PLAY - LANDLINE, FIXED BROADBAND AND PAY TV",Nominal,Input,8,Right,F1,F1
Q9AG,317,Q9A. SERVICES CONSIDERED TO BE A PACKAGE OF SERVICES IN BUNDLE 1: DUAL PLAY - LANDLINE AND FIXED BROADBAND,Nominal,Input,8,Right,F1,F1
Q9AH,318,"Q9A. SERVICES CONSIDERED TO BE A PACKAGE OF SERVICES IN BUNDLE 1: LANDLINE, MOBILE PHONE AND FIXED BROADBAND",Nominal,Input,8,Right,F1,F1
Q9AI,319,Q9A. SERVICES CONSIDERED TO BE A PACKAGE OF SERVICES IN BUNDLE 1: FIXED BROADBAND AND PAY TV,Nominal,Input,8,Right,F1,F1
Q9AJ,320,Q9A. SERVICES CONSIDERED TO BE A PACKAGE OF SERVICES IN BUNDLE 1: MOBILE PHONE AND FIXED BROADBAND,Nominal,Input,8,Right,F1,F1
Q9AK,321,Q9A. SERVICES CONSIDERED TO BE A PACKAGE OF SERVICES IN BUNDLE 1: LANDLINE AND MOBILE PHONE,Nominal,Input,8,Right,F1,F1
Q9AL,322,"Q9A. SERVICES CONSIDERED TO BE A PACKAGE OF SERVICES IN BUNDLE 1: LANDLINE, MOBILE PHONE AND PAY TV",Nominal,Input,8,Right,F1,F1
Q9AM,323,Q9A. SERVICES CONSIDERED TO BE A PACKAGE OF SERVICES IN BUNDLE 1: LANDLINE AND PAY TV,Nominal,Input,8,Right,F1,F1
Q9AN,324,"Q9A. SERVICES CONSIDERED TO BE A PACKAGE OF SERVICES IN BUNDLE 1: MOBILE PHONE, FIXED BROADBAND AND PAY TV",Nominal,Input,8,Right,F1,F1
Q9AO,325,Q9A. SERVICES CONSIDERED TO BE A PACKAGE OF SERVICES IN BUNDLE 1: MOBILE PHONE AND PAY TV,Nominal,Input,8,Right,F1,F1
Q9AP,326,Q9A. SERVICES CONSIDERED TO BE A PACKAGE OF SERVICES IN BUNDLE 1: NONE,Nominal,Input,8,Right,F1,F1
BUNDLE1A,327,BUNDLE 1 PROVIDER: Amazon Prime Video,Nominal,Input,8,Right,F1,F1
BUNDLE1B,328,BUNDLE 1 PROVIDER: Asda Mobile,Nominal,Input,8,Right,F1,F1
BUNDLE1C,329,BUNDLE 1 PROVIDER: BT,Nominal,Input,8,Right,F1,F1
BUNDLE1D,330,BUNDLE 1 PROVIDER: Disney+,Nominal,Input,8,Right,F1,F1
BUNDLE1E,331,BUNDLE 1 PROVIDER: EE,Nominal,Input,8,Right,F1,F1
BUNDLE1F,332,BUNDLE 1 PROVIDER: BLANK CODE - PREVIOUSLY Eleven Sports,Nominal,Input,8,Right,F1,F1
BUNDLE1G,333,BUNDLE 1 PROVIDER: Shell Energy/ Post Office,Nominal,Input,8,Right,F1,F1
BUNDLE1H,334,BUNDLE 1 PROVIDER: Freeview,Nominal,Input,8,Right,F1,F1
BUNDLE1I,335,BUNDLE 1 PROVIDER: Freesat,Nominal,Input,8,Right,F1,F1
BUNDLE1J,336,BUNDLE 1 PROVIDER: GiffGaff,Nominal,Input,8,Right,F1,F1
BUNDLE1K,337,BUNDLE 1 PROVIDER: BLANK CODE - PREVIOUSLY Hayu,Nominal,Input,8,Right,F1,F1
BUNDLE1L,338,BUNDLE 1 PROVIDER: iD Mobile,Nominal,Input,8,Right,F1,F1
BUNDLE1M,339,BUNDLE 1 PROVIDER: ITVX Premium/ STV Player VIP,Nominal,Input,8,Right,F1,F1
BUNDLE1N,340,BUNDLE 1 PROVIDER: John Lewis,Nominal,Input,8,Right,F1,F1
BUNDLE1O,341,BUNDLE 1 PROVIDER: KCOM,Nominal,Input,8,Right,F1,F1
BUNDLE1P,342,BUNDLE 1 PROVIDER: Lebara,Nominal,Input,8,Right,F1,F1
BUNDLE1Q,343,BUNDLE 1 PROVIDER: Lycamobile,Nominal,Input,8,Right,F1,F1
BUNDLE1R,344,BUNDLE 1 PROVIDER: Netflix,Nominal,Input,8,Right,F1,F1
BUNDLE1S,345,BUNDLE 1 PROVIDER: NOW/ NOW Broadband,Nominal,Input,8,Right,F1,F1
BUNDLE1T,346,BUNDLE 1 PROVIDER: O2,Nominal,Input,8,Right,F1,F1
BUNDLE1U,347,BUNDLE 1 PROVIDER: Your Co-op,Nominal,Input,8,Right,F1,F1
BUNDLE1V,348,BUNDLE 1 PROVIDER: Plusnet,Nominal,Input,8,Right,F1,F1
BUNDLE1W,349,BUNDLE 1 PROVIDER: POP Telecom,Nominal,Input,8,Right,F1,F1
BUNDLE1X,350,BUNDLE 1 PROVIDER: BLANK CODE - PREVIOUSLY Post Office,Nominal,Input,8,Right,F1,F1
BUNDLE1Y,351,BUNDLE 1 PROVIDER: Sky,Nominal,Input,8,Right,F1,F1
BUNDLE1Z,352,BUNDLE 1 PROVIDER: Smarty,Nominal,Input,8,Right,F1,F1
BUNDLE1AA,353,BUNDLE 1 PROVIDER: OVO/ SSE,Nominal,Input,8,Right,F1,F1
BUNDLE1AB,354,BUNDLE 1 PROVIDER: TalkTalk,Nominal,Input,8,Right,F1,F1
BUNDLE1AC,355,BUNDLE 1 PROVIDER: Talkmobile,Nominal,Input,8,Right,F1,F1
BUNDLE1AD,356,BUNDLE 1 PROVIDER: Tesco Mobile,Nominal,Input,8,Right,F1,F1
BUNDLE1AE,357,BUNDLE 1 PROVIDER: ‘3’/ Three,Nominal,Input,8,Right,F1,F1
BUNDLE1AF,358,BUNDLE 1 PROVIDER: Utility Warehouse,Nominal,Input,8,Right,F1,F1
BUNDLE1AG,359,BUNDLE 1 PROVIDER: Virgin Media,Nominal,Input,8,Right,F1,F1
BUNDLE1AH,360,BUNDLE 1 PROVIDER: Vodafone,Nominal,Input,8,Right,F1,F1
BUNDLE1AI,361,BUNDLE 1 PROVIDER: BLANK CODE - PREVIOUSLY YouTube Premium,Nominal,Input,8,Right,F1,F1
BUNDLE1AJ,362,BUNDLE 1 PROVIDER: YouView,Nominal,Input,8,Right,F1,F1
BUNDLE1AK,363,BUNDLE 1 PROVIDER: Channel4+ (premium service with no adverts),Nominal,Input,8,Right,F1,F1
BUNDLE1AL,364,BUNDLE 1 PROVIDER: Apple TV+,Nominal,Input,8,Right,F1,F1
BUNDLE1AM,365,BUNDLE 1 PROVIDER: BritBox,Nominal,Input,8,Right,F1,F1
BUNDLE1AN,366,BUNDLE 1 PROVIDER: BLANK CODE - PREVIOUSLY Eurosport Player,Nominal,Input,8,Right,F1,F1
BUNDLE1AO,367,BUNDLE 1 PROVIDER: Paramount+,Nominal,Input,8,Right,F1,F1
BUNDLE1AP,368,BUNDLE 1 PROVIDER: Discovery+,Nominal,Input,8,Right,F1,F1
BUNDLE1AQ,369,BUNDLE 1 PROVIDER: BLANK CODE - PREVIOUSLY STARZPLAY,Nominal,Input,8,Right,F1,F1
BUNDLE1AR,370,BUNDLE 1 PROVIDER: BLANK CODE - PREVIOUSLY MUBI,Nominal,Input,8,Right,F1,F1
BUNDLE1AS,371,BUNDLE 1 PROVIDER: Gigaclear,Nominal,Input,8,Right,F1,F1
BUNDLE1AT,372,BUNDLE 1 PROVIDER: Hyperoptic,Nominal,Input,8,Right,F1,F1
BUNDLE1AU,373,BUNDLE 1 PROVIDER: Community Fibre,Nominal,Input,8,Right,F1,F1
BUNDLE1AV,374,BUNDLE 1 PROVIDER: Zen,Nominal,Input,8,Right,F1,F1
BUNDLE1AW,375,BUNDLE 1 PROVIDER: VOXI,Nominal,Input,8,Right,F1,F1
BUNDLE1AX,376,BUNDLE 1 PROVIDER: Other supplier,Nominal,Input,8,Right,F1,F1
Q9BA,377,Q9B. SERVICES CONSIDERED TO BE A PACKAGE OF SERVICES IN BUNDLE 2: Landline phone service,Nominal,Input,8,Right,F1,F1
Q9BB,378,Q9B. SERVICES CONSIDERED TO BE A PACKAGE OF SERVICES IN BUNDLE 2: Mobile Phone,Nominal,Input,8,Right,F1,F1
Q9BC,379,Q9B. SERVICES CONSIDERED TO BE A PACKAGE OF SERVICES IN BUNDLE 2: Fixed Broadband,Nominal,Input,8,Right,F1,F1
Q9BD,380,Q9B. SERVICES CONSIDERED TO BE A PACKAGE OF SERVICES IN BUNDLE 2: Pay TV service,Nominal,Input,8,Right,F1,F1
Q9BE,381,"Q9B. SERVICES CONSIDERED TO BE A PACKAGE OF SERVICES IN BUNDLE 2: QUAD PLAY - LANDLINE, MOBILE PHONE, FIXED BROADBAND AND PAY TV",Nominal,Input,8,Right,F1,F1
Q9BF,382,"Q9B. SERVICES CONSIDERED TO BE A PACKAGE OF SERVICES IN BUNDLE 2: TRIPLE PLAY - LANDLINE, FIXED BROADBAND AND PAY TV",Nominal,Input,8,Right,F1,F1
Q9BG,383,Q9B. SERVICES CONSIDERED TO BE A PACKAGE OF SERVICES IN BUNDLE 2: DUAL PLAY - LANDLINE AND FIXED BROADBAND,Nominal,Input,8,Right,F1,F1
Q9BH,384,"Q9B. SERVICES CONSIDERED TO BE A PACKAGE OF SERVICES IN BUNDLE 2: LANDLINE, MOBILE PHONE AND FIXED BROADBAND",Nominal,Input,8,Right,F1,F1
Q9BI,385,Q9B. SERVICES CONSIDERED TO BE A PACKAGE OF SERVICES IN BUNDLE 2: FIXED BROADBAND AND PAY TV,Nominal,Input,8,Right,F1,F1
Q9BJ,386,Q9B. SERVICES CONSIDERED TO BE A PACKAGE OF SERVICES IN BUNDLE 2: MOBILE PHONE AND FIXED BROADBAND,Nominal,Input,8,Right,F1,F1
Q9BK,387,Q9B. SERVICES CONSIDERED TO BE A PACKAGE OF SERVICES IN BUNDLE 2: LANDLINE AND MOBILE PHONE,Nominal,Input,8,Right,F1,F1
Q9BL,388,"Q9B. SERVICES CONSIDERED TO BE A PACKAGE OF SERVICES IN BUNDLE 2: LANDLINE, MOBILE PHONE AND PAY TV",Nominal,Input,8,Right,F1,F1
Q9BM,389,Q9B. SERVICES CONSIDERED TO BE A PACKAGE OF SERVICES IN BUNDLE 2: LANDLINE AND PAY TV,Nominal,Input,8,Right,F1,F1
Q9BN,390,"Q9B. SERVICES CONSIDERED TO BE A PACKAGE OF SERVICES IN BUNDLE 2: MOBILE PHONE, FIXED BROADBAND AND PAY TV",Nominal,Input,8,Right,F1,F1
Q9BO,391,Q9B. SERVICES CONSIDERED TO BE A PACKAGE OF SERVICES IN BUNDLE 2: MOBILE PHONE AND PAY TV,Nominal,Input,8,Right,F1,F1
Q9BP,392,Q9B. SERVICES CONSIDERED TO BE A PACKAGE OF SERVICES IN BUNDLE 2: NONE,Nominal,Input,8,Right,F1,F1
BUNDLE2A,393,BUNDLE 2 PROVIDER: Amazon Prime Video,Nominal,Input,8,Right,F1,F1
BUNDLE2B,394,BUNDLE 2 PROVIDER: Asda Mobile,Nominal,Input,8,Right,F1,F1
BUNDLE2C,395,BUNDLE 2 PROVIDER: BT,Nominal,Input,8,Right,F1,F1
BUNDLE2D,396,BUNDLE 2 PROVIDER: Disney+,Nominal,Input,8,Right,F1,F1
BUNDLE2E,397,BUNDLE 2 PROVIDER: EE,Nominal,Input,8,Right,F1,F1
BUNDLE2F,398,BUNDLE 2 PROVIDER: BLANK CODE - PREVIOUSLY Eleven Sports,Nominal,Input,8,Right,F1,F1
BUNDLE2G,399,BUNDLE 2 PROVIDER: Shell Energy/ Post Office,Nominal,Input,8,Right,F1,F1
BUNDLE2H,400,BUNDLE 2 PROVIDER: Freeview,Nominal,Input,8,Right,F1,F1
BUNDLE2I,401,BUNDLE 2 PROVIDER: Freesat,Nominal,Input,8,Right,F1,F1
BUNDLE2J,402,BUNDLE 2 PROVIDER: GiffGaff,Nominal,Input,8,Right,F1,F1
BUNDLE2K,403,BUNDLE 2 PROVIDER: BLANK CODE - PREVIOUSLY Hayu,Nominal,Input,8,Right,F1,F1
BUNDLE2L,404,BUNDLE 2 PROVIDER: iD Mobile,Nominal,Input,8,Right,F1,F1
BUNDLE2M,405,BUNDLE 2 PROVIDER: ITVX Premium/ STV Player VIP,Nominal,Input,8,Right,F1,F1
BUNDLE2N,406,BUNDLE 2 PROVIDER: John Lewis,Nominal,Input,8,Right,F1,F1
BUNDLE2O,407,BUNDLE 2 PROVIDER: KCOM,Nominal,Input,8,Right,F1,F1
BUNDLE2P,408,BUNDLE 2 PROVIDER: Lebara,Nominal,Input,8,Right,F1,F1
BUNDLE2Q,409,BUNDLE 2 PROVIDER: Lycamobile,Nominal,Input,8,Right,F1,F1
BUNDLE2R,410,BUNDLE 2 PROVIDER: Netflix,Nominal,Input,8,Right,F1,F1
BUNDLE2S,411,BUNDLE 2 PROVIDER: NOW/ NOW Broadband,Nominal,Input,8,Right,F1,F1
BUNDLE2T,412,BUNDLE 2 PROVIDER: O2,Nominal,Input,8,Right,F1,F1
BUNDLE2U,413,BUNDLE 2 PROVIDER: Your Co-op,Nominal,Input,8,Right,F1,F1
BUNDLE2V,414,BUNDLE 2 PROVIDER: Plusnet,Nominal,Input,8,Right,F1,F1
BUNDLE2W,415,BUNDLE 2 PROVIDER: POP Telecom,Nominal,Input,8,Right,F1,F1
BUNDLE2X,416,BUNDLE 2 PROVIDER: BLANK CODE - PREVIOUSLY Post Office,Nominal,Input,8,Right,F1,F1
BUNDLE2Y,417,BUNDLE 2 PROVIDER: Sky,Nominal,Input,8,Right,F1,F1
BUNDLE2Z,418,BUNDLE 2 PROVIDER: Smarty,Nominal,Input,8,Right,F1,F1
BUNDLE2AA,419,BUNDLE 2 PROVIDER: OVO/ SSE,Nominal,Input,8,Right,F1,F1
BUNDLE2AB,420,BUNDLE 2 PROVIDER: TalkTalk,Nominal,Input,8,Right,F1,F1
BUNDLE2AC,421,BUNDLE 2 PROVIDER: Talkmobile,Nominal,Input,8,Right,F1,F1
BUNDLE2AD,422,BUNDLE 2 PROVIDER: Tesco Mobile,Nominal,Input,8,Right,F1,F1
BUNDLE2AE,423,BUNDLE 2 PROVIDER: ‘3’/ Three,Nominal,Input,8,Right,F1,F1
BUNDLE2AF,424,BUNDLE 2 PROVIDER: Utility Warehouse,Nominal,Input,8,Right,F1,F1
BUNDLE2AG,425,BUNDLE 2 PROVIDER: Virgin Media,Nominal,Input,8,Right,F1,F1
BUNDLE2AH,426,BUNDLE 2 PROVIDER: Vodafone,Nominal,Input,8,Right,F1,F1
BUNDLE2AI,427,BUNDLE 2 PROVIDER: BLANK CODE - PREVIOUSLY YouTube Premium,Nominal,Input,8,Right,F1,F1
BUNDLE2AJ,428,BUNDLE 2 PROVIDER: YouView,Nominal,Input,8,Right,F1,F1
BUNDLE2AK,429,BUNDLE 2 PROVIDER: Channel4+ (premium service with no adverts),Nominal,Input,8,Right,F1,F1
BUNDLE2AL,430,BUNDLE 2 PROVIDER: Apple TV+,Nominal,Input,8,Right,F1,F1
BUNDLE2AM,431,BUNDLE 2 PROVIDER: BritBox,Nominal,Input,8,Right,F1,F1
BUNDLE2AN,432,BUNDLE 2 PROVIDER: BLANK CODE - PREVIOUSLY Eurosport Player,Nominal,Input,8,Right,F1,F1
BUNDLE2AO,433,BUNDLE 2 PROVIDER: Paramount+,Nominal,Input,8,Right,F1,F1
BUNDLE2AP,434,BUNDLE 2 PROVIDER: Discovery+,Nominal,Input,8,Right,F1,F1
BUNDLE2AQ,435,BUNDLE 2 PROVIDER: BLANK CODE - PREVIOUSLY STARZPLAY,Nominal,Input,8,Right,F1,F1
BUNDLE2AR,436,BUNDLE 2 PROVIDER: BLANK CODE - PREVIOUSLY MUBI,Nominal,Input,8,Right,F1,F1
BUNDLE2AS,437,BUNDLE 2 PROVIDER: Gigaclear,Nominal,Input,8,Right,F1,F1
BUNDLE2AT,438,BUNDLE 2 PROVIDER: Hyperoptic,Nominal,Input,8,Right,F1,F1
BUNDLE2AU,439,BUNDLE 2 PROVIDER: Community Fibre,Nominal,Input,8,Right,F1,F1
BUNDLE2AV,440,BUNDLE 2 PROVIDER: Zen,Nominal,Input,8,Right,F1,F1
BUNDLE2AW,441,BUNDLE 2 PROVIDER: VOXI,Nominal,Input,8,Right,F1,F1
BUNDLE2AX,442,BUNDLE 2 PROVIDER: Other supplier,Nominal,Input,8,Right,F1,F1
Q9ABA,443,Q9A/Q9B. SERVICES CONSIDERED TO BE A PACKAGE FROM THE SAME PROVIDER IN BUNDLE 1 OR IN BUNDLE 2 - REGARD BUNDLE: Landline phone service,Nominal,Input,8,Right,F1,F1
Q9ABB,444,Q9A/Q9B. SERVICES CONSIDERED TO BE A PACKAGE FROM THE SAME PROVIDER IN BUNDLE 1 OR IN BUNDLE 2 - REGARD BUNDLE: Mobile Phone,Nominal,Input,8,Right,F1,F1
Q9ABC,445,Q9A/Q9B. SERVICES CONSIDERED TO BE A PACKAGE FROM THE SAME PROVIDER IN BUNDLE 1 OR IN BUNDLE 2 - REGARD BUNDLE: Fixed Broadband,Nominal,Input,8,Right,F1,F1
Q9ABD,446,Q9A/Q9B. SERVICES CONSIDERED TO BE A PACKAGE FROM THE SAME PROVIDER IN BUNDLE 1 OR IN BUNDLE 2 - REGARD BUNDLE: Pay TV service,Nominal,Input,8,Right,F1,F1
Q9ABE,447,"Q9A/Q9B. SERVICES CONSIDERED TO BE A PACKAGE FROM THE SAME PROVIDER IN BUNDLE 1 OR IN BUNDLE 2 - REGARD BUNDLE: QUAD PLAY - LANDLINE, MOBILE PHONE, FIXED BROADBAND AND PAY TV",Nominal,Input,8,Right,F1,F1
Q9ABF,448,"Q9A/Q9B. SERVICES CONSIDERED TO BE A PACKAGE FROM THE SAME PROVIDER IN BUNDLE 1 OR IN BUNDLE 2 - REGARD BUNDLE: TRIPLE PLAY - LANDLINE, FIXED BROADBAND AND PAY TV",Nominal,Input,8,Right,F1,F1
Q9ABG,449,Q9A/Q9B. SERVICES CONSIDERED TO BE A PACKAGE FROM THE SAME PROVIDER IN BUNDLE 1 OR IN BUNDLE 2 - REGARD BUNDLE: DUAL PLAY - LANDLINE AND FIXED BROADBAND,Nominal,Input,8,Right,F1,F1
Q9ABH,450,"Q9A/Q9B. SERVICES CONSIDERED TO BE A PACKAGE FROM THE SAME PROVIDER IN BUNDLE 1 OR IN BUNDLE 2 - REGARD BUNDLE: LANDLINE, MOBILE PHONE AND FIXED BROADBAND",Nominal,Input,8,Right,F1,F1
Q9ABI,451,Q9A/Q9B. SERVICES CONSIDERED TO BE A PACKAGE FROM THE SAME PROVIDER IN BUNDLE 1 OR IN BUNDLE 2 - REGARD BUNDLE: FIXED BROADBAND AND PAY TV,Nominal,Input,8,Right,F1,F1
Q9ABJ,452,Q9A/Q9B. SERVICES CONSIDERED TO BE A PACKAGE FROM THE SAME PROVIDER IN BUNDLE 1 OR IN BUNDLE 2 - REGARD BUNDLE: MOBILE PHONE AND FIXED BROADBAND,Nominal,Input,8,Right,F1,F1
Q9ABK,453,Q9A/Q9B. SERVICES CONSIDERED TO BE A PACKAGE FROM THE SAME PROVIDER IN BUNDLE 1 OR IN BUNDLE 2 - REGARD BUNDLE: LANDLINE AND MOBILE PHONE,Nominal,Input,8,Right,F1,F1
Q9ABL,454,"Q9A/Q9B. SERVICES CONSIDERED TO BE A PACKAGE FROM THE SAME PROVIDER IN BUNDLE 1 OR IN BUNDLE 2 - REGARD BUNDLE: LANDLINE, MOBILE PHONE AND PAY TV",Nominal,Input,8,Right,F1,F1
Q9ABM,455,Q9A/Q9B. SERVICES CONSIDERED TO BE A PACKAGE FROM THE SAME PROVIDER IN BUNDLE 1 OR IN BUNDLE 2 - REGARD BUNDLE: LANDLINE AND PAY TV,Nominal,Input,8,Right,F1,F1
Q9ABN,456,"Q9A/Q9B. SERVICES CONSIDERED TO BE A PACKAGE FROM THE SAME PROVIDER IN BUNDLE 1 OR IN BUNDLE 2 - REGARD BUNDLE: MOBILE PHONE, FIXED BROADBAND AND PAY TV",Nominal,Input,8,Right,F1,F1
Q9ABO,457,Q9A/Q9B. SERVICES CONSIDERED TO BE A PACKAGE FROM THE SAME PROVIDER IN BUNDLE 1 OR IN BUNDLE 2 - REGARD BUNDLE: MOBILE PHONE AND PAY TV,Nominal,Input,8,Right,F1,F1
Q9ABP,458,Q9A/Q9B. SERVICES CONSIDERED TO BE A PACKAGE FROM THE SAME PROVIDER IN BUNDLE 1 OR IN BUNDLE 2 - REGARD BUNDLE: NONE,Nominal,Input,8,Right,F1,F1
Q9CA,459,SERVICES CONSIDERED TO BE STANDALONE SERVICES - EITHER DON'T USE SERVICE PROVIDER FOR OTHER SERVICES OR CONSIDERED TO BE INDIVIDUAL SERVICES NOT IN A PACKAGE OF SERVICES: Landline,Nominal,Input,8,Right,F1,F1
Q9CB,460,SERVICES CONSIDERED TO BE STANDALONE SERVICES - EITHER DON'T USE SERVICE PROVIDER FOR OTHER SERVICES OR CONSIDERED TO BE INDIVIDUAL SERVICES NOT IN A PACKAGE OF SERVICES: Mobile Phone,Nominal,Input,8,Right,F1,F1
Q9CC,461,SERVICES CONSIDERED TO BE STANDALONE SERVICES - EITHER DON'T USE SERVICE PROVIDER FOR OTHER SERVICES OR CONSIDERED TO BE INDIVIDUAL SERVICES NOT IN A PACKAGE OF SERVICES: Fixed Broadband,Nominal,Input,8,Right,F1,F1
Q9CD,462,SERVICES CONSIDERED TO BE STANDALONE SERVICES - EITHER DON'T USE SERVICE PROVIDER FOR OTHER SERVICES OR CONSIDERED TO BE INDIVIDUAL SERVICES NOT IN A PACKAGE OF SERVICES: Pay TV service,Nominal,Input,8,Right,F1,F1
Q9CE,463,SERVICES CONSIDERED TO BE STANDALONE SERVICES - EITHER DON'T USE SERVICE PROVIDER FOR OTHER SERVICES OR CONSIDERED TO BE INDIVIDUAL SERVICES NOT IN A PACKAGE OF SERVICES: Free TV Service,Nominal,Input,8,Right,F1,F1
Q9CF,464,SERVICES CONSIDERED TO BE STANDALONE SERVICES - EITHER DON'T USE SERVICE PROVIDER FOR OTHER SERVICES OR CONSIDERED TO BE INDIVIDUAL SERVICES NOT IN A PACKAGE OF SERVICES: NONE,Nominal,Input,8,Right,F1,F1
Q10AA,465,"Q10A. Which of the services from (BUNDLE 1 PROVIDER) are important when deciding which provider to use, or are they all equally important?: Landline phone service",Nominal,Input,8,Right,F1,F1
Q10AB,466,"Q10A. Which of the services from (BUNDLE 1 PROVIDER) are important when deciding which provider to use, or are they all equally important?: Mobile Phone",Nominal,Input,8,Right,F1,F1
Q10AC,467,"Q10A. Which of the services from (BUNDLE 1 PROVIDER) are important when deciding which provider to use, or are they all equally important?: Fixed Broadband",Nominal,Input,8,Right,F1,F1
Q10AD,468,"Q10A. Which of the services from (BUNDLE 1 PROVIDER) are important when deciding which provider to use, or are they all equally important?: Pay TV service",Nominal,Input,8,Right,F1,F1
Q10AE,469,"Q10A. Which of the services from (BUNDLE 1 PROVIDER) are important when deciding which provider to use, or are they all equally important?: All of these services are equally important",Nominal,Input,8,Right,F1,F1
Q10AF,470,"Q10A. Which of the services from (BUNDLE 1 PROVIDER) are important when deciding which provider to use, or are they all equally important?: LANDLINE, FIXED BROADBAND AND PAY TV",Nominal,Input,8,Right,F1,F1
Q10AG,471,"Q10A. Which of the services from (BUNDLE 1 PROVIDER) are important when deciding which provider to use, or are they all equally important?: LANDLINE AND FIXED BROADBAND",Nominal,Input,8,Right,F1,F1
Q10AH,472,"Q10A. Which of the services from (BUNDLE 1 PROVIDER) are important when deciding which provider to use, or are they all equally important?: LANDLINE, MOBILE PHONE AND FIXED BROADBAND",Nominal,Input,8,Right,F1,F1
Q10AI,473,"Q10A. Which of the services from (BUNDLE 1 PROVIDER) are important when deciding which provider to use, or are they all equally important?: FIXED BROADBAND AND PAY TV",Nominal,Input,8,Right,F1,F1
Q10AJ,474,"Q10A. Which of the services from (BUNDLE 1 PROVIDER) are important when deciding which provider to use, or are they all equally important?: MOBILE PHONE AND FIXED BROADBAND",Nominal,Input,8,Right,F1,F1
Q10AK,475,"Q10A. Which of the services from (BUNDLE 1 PROVIDER) are important when deciding which provider to use, or are they all equally important?: LANDLINE AND MOBILE PHONE",Nominal,Input,8,Right,F1,F1
Q10AL,476,"Q10A. Which of the services from (BUNDLE 1 PROVIDER) are important when deciding which provider to use, or are they all equally important?: LANDLINE, MOBILE PHONE AND PAY TV",Nominal,Input,8,Right,F1,F1
Q10AM,477,"Q10A. Which of the services from (BUNDLE 1 PROVIDER) are important when deciding which provider to use, or are they all equally important?: LANDLINE AND PAY TV",Nominal,Input,8,Right,F1,F1
Q10AN,478,"Q10A. Which of the services from (BUNDLE 1 PROVIDER) are important when deciding which provider to use, or are they all equally important?: MOBILE PHONE, FIXED BROADBAND AND PAY TV",Nominal,Input,8,Right,F1,F1
Q10AO,479,"Q10A. Which of the services from (BUNDLE 1 PROVIDER) are important when deciding which provider to use, or are they all equally important?: MOBILE PHONE AND PAY TV",Nominal,Input,8,Right,F1,F1
Q10AP,480,"Q10A. Which of the services from (BUNDLE 1 PROVIDER) are important when deciding which provider to use, or are they all equally important?: MOBILE PHONE ONLY",Nominal,Input,8,Right,F1,F1
Q10AQ,481,"Q10A. Which of the services from (BUNDLE 1 PROVIDER) are important when deciding which provider to use, or are they all equally important?: LANDLINE ONLY",Nominal,Input,8,Right,F1,F1
Q10AR,482,"Q10A. Which of the services from (BUNDLE 1 PROVIDER) are important when deciding which provider to use, or are they all equally important?: FIXED BROADBAND ONLY",Nominal,Input,8,Right,F1,F1
Q10AS,483,"Q10A. Which of the services from (BUNDLE 1 PROVIDER) are important when deciding which provider to use, or are they all equally important?: PAY TV ONLY",Nominal,Input,8,Right,F1,F1
Q10BA,484,"Q10B. Which of the services from (BUNDLE 2 PROVIDER) are important when deciding which provider to use, or are they both equally important?: Landline phone service",Nominal,Input,8,Right,F1,F1
Q10BB,485,"Q10B. Which of the services from (BUNDLE 2 PROVIDER) are important when deciding which provider to use, or are they both equally important?: Mobile Phone",Nominal,Input,8,Right,F1,F1
Q10BC,486,"Q10B. Which of the services from (BUNDLE 2 PROVIDER) are important when deciding which provider to use, or are they both equally important?: Fixed Broadband",Nominal,Input,8,Right,F1,F1
Q10BD,487,"Q10B. Which of the services from (BUNDLE 2 PROVIDER) are important when deciding which provider to use, or are they both equally important?: Pay TV service",Nominal,Input,8,Right,F1,F1
Q10BE,488,"Q10B. Which of the services from (BUNDLE 2 PROVIDER) are important when deciding which provider to use, or are they both equally important?: All of these services are equally important",Nominal,Input,8,Right,F1,F1
Q10BF,489,"Q10B. Which of the services from (BUNDLE 2 PROVIDER) are important when deciding which provider to use, or are they both equally important?: LANDLINE, FIXED BROADBAND AND PAY TV",Nominal,Input,8,Right,F1,F1
Q10BG,490,"Q10B. Which of the services from (BUNDLE 2 PROVIDER) are important when deciding which provider to use, or are they both equally important?: LANDLINE AND FIXED BROADBAND",Nominal,Input,8,Right,F1,F1
Q10BH,491,"Q10B. Which of the services from (BUNDLE 2 PROVIDER) are important when deciding which provider to use, or are they both equally important?: LANDLINE, MOBILE PHONE AND FIXED BROADBAND",Nominal,Input,8,Right,F1,F1
Q10BI,492,"Q10B. Which of the services from (BUNDLE 2 PROVIDER) are important when deciding which provider to use, or are they both equally important?: FIXED BROADBAND AND PAY TV",Nominal,Input,8,Right,F1,F1
Q10BJ,493,"Q10B. Which of the services from (BUNDLE 2 PROVIDER) are important when deciding which provider to use, or are they both equally important?: MOBILE PHONE AND FIXED BROADBAND",Nominal,Input,8,Right,F1,F1
Q10BK,494,"Q10B. Which of the services from (BUNDLE 2 PROVIDER) are important when deciding which provider to use, or are they both equally important?: LANDLINE AND MOBILE PHONE",Nominal,Input,8,Right,F1,F1
Q10BL,495,"Q10B. Which of the services from (BUNDLE 2 PROVIDER) are important when deciding which provider to use, or are they both equally important?: LANDLINE, MOBILE PHONE AND PAY TV",Nominal,Input,8,Right,F1,F1
Q10BM,496,"Q10B. Which of the services from (BUNDLE 2 PROVIDER) are important when deciding which provider to use, or are they both equally important?: LANDLINE AND PAY TV",Nominal,Input,8,Right,F1,F1
Q10BN,497,"Q10B. Which of the services from (BUNDLE 2 PROVIDER) are important when deciding which provider to use, or are they both equally important?: MOBILE PHONE, FIXED BROADBAND AND PAY TV",Nominal,Input,8,Right,F1,F1
Q10BO,498,"Q10B. Which of the services from (BUNDLE 2 PROVIDER) are important when deciding which provider to use, or are they both equally important?: MOBILE PHONE AND PAY TV",Nominal,Input,8,Right,F1,F1
Q10BP,499,"Q10B. Which of the services from (BUNDLE 2 PROVIDER) are important when deciding which provider to use, or are they both equally important?: MOBILE PHONE ONLY",Nominal,Input,8,Right,F1,F1
Q10BQ,500,"Q10B. Which of the services from (BUNDLE 2 PROVIDER) are important when deciding which provider to use, or are they both equally important?: LANDLINE ONLY",Nominal,Input,8,Right,F1,F1
Q10BR,501,"Q10B. Which of the services from (BUNDLE 2 PROVIDER) are important when deciding which provider to use, or are they both equally important?: FIXED BROADBAND ONLY",Nominal,Input,8,Right,F1,F1
Q10BS,502,"Q10B. Which of the services from (BUNDLE 2 PROVIDER) are important when deciding which provider to use, or are they both equally important?: PAY TV ONLY",Nominal,Input,8,Right,F1,F1
LOOPITERATIONSA,503,SERVICES COVERED WITH RESPONDENT: Bundle 1,Nominal,Input,8,Right,F1,F1
LOOPITERATIONSB,504,SERVICES COVERED WITH RESPONDENT: Bundle 2,Nominal,Input,8,Right,F1,F1
LOOPITERATIONSC,505,SERVICES COVERED WITH RESPONDENT: Standalone - Landline,Nominal,Input,8,Right,F1,F1
LOOPITERATIONSD,506,SERVICES COVERED WITH RESPONDENT: Standalone - Mobile,Nominal,Input,8,Right,F1,F1
LOOPITERATIONSE,507,SERVICES COVERED WITH RESPONDENT: Standalone - Broadband,Nominal,Input,8,Right,F1,F1
LOOPITERATIONSF,508,SERVICES COVERED WITH RESPONDENT: Standalone - TV,Nominal,Input,8,Right,F1,F1
Q12_1A,509,"Q12. In a typical week, how often is your landline used to make or receive calls?: Every day",Nominal,Input,8,Right,F1,F1
Q12_1B,510,"Q12. In a typical week, how often is your landline used to make or receive calls?: Every few days",Nominal,Input,8,Right,F1,F1
Q12_1C,511,"Q12. In a typical week, how often is your landline used to make or receive calls?: Several times a week",Nominal,Input,8,Right,F1,F1
Q12_1D,512,"Q12. In a typical week, how often is your landline used to make or receive calls?: Once a week",Nominal,Input,8,Right,F1,F1
Q12_1E,513,"Q12. In a typical week, how often is your landline used to make or receive calls?: Less often",Nominal,Input,8,Right,F1,F1
Q12_1F,514,"Q12. In a typical week, how often is your landline used to make or receive calls?: Don’t know",Nominal,Input,8,Right,F1,F1
Q12_1G,515,"Q12. In a typical week, how often is your landline used to make or receive calls?: The landline is never used to make or receive phone calls",Nominal,Input,8,Right,F1,F1
Q12_1H,516,"Q12. In a typical week, how often is your landline used to make or receive calls?: NET: AT LEAST ONCE A WEEK",Nominal,Input,8,Right,F1,F1
Q12_2A,517,"Q12. In a typical week, how often is your landline used to make or receive calls?: Every day",Nominal,Input,8,Right,F1,F1
Q12_2B,518,"Q12. In a typical week, how often is your landline used to make or receive calls?: Every few days",Nominal,Input,8,Right,F1,F1
Q12_2C,519,"Q12. In a typical week, how often is your landline used to make or receive calls?: Several times a week",Nominal,Input,8,Right,F1,F1
Q12_2D,520,"Q12. In a typical week, how often is your landline used to make or receive calls?: Once a week",Nominal,Input,8,Right,F1,F1
Q12_2E,521,"Q12. In a typical week, how often is your landline used to make or receive calls?: Less often",Nominal,Input,8,Right,F1,F1
Q12_2F,522,"Q12. In a typical week, how often is your landline used to make or receive calls?: Don’t know",Nominal,Input,8,Right,F1,F1
Q12_2G,523,"Q12. In a typical week, how often is your landline used to make or receive calls?: The landline is never used to make or receive phone calls",Nominal,Input,8,Right,F1,F1
Q12_2H,524,"Q12. In a typical week, how often is your landline used to make or receive calls?: NET: AT LEAST ONCE A WEEK",Nominal,Input,8,Right,F1,F1
Q12_3A,525,"Q12. In a typical week, how often is your landline used to make or receive calls?: Every day",Nominal,Input,8,Right,F1,F1
Q12_3B,526,"Q12. In a typical week, how often is your landline used to make or receive calls?: Every few days",Nominal,Input,8,Right,F1,F1
Q12_3C,527,"Q12. In a typical week, how often is your landline used to make or receive calls?: Several times a week",Nominal,Input,8,Right,F1,F1
Q12_3D,528,"Q12. In a typical week, how often is your landline used to make or receive calls?: Once a week",Nominal,Input,8,Right,F1,F1
Q12_3E,529,"Q12. In a typical week, how often is your landline used to make or receive calls?: Less often",Nominal,Input,8,Right,F1,F1
Q12_3F,530,"Q12. In a typical week, how often is your landline used to make or receive calls?: Don’t know",Nominal,Input,8,Right,F1,F1
Q12_3G,531,"Q12. In a typical week, how often is your landline used to make or receive calls?: The landline is never used to make or receive phone calls",Nominal,Input,8,Right,F1,F1
Q12_3H,532,"Q12. In a typical week, how often is your landline used to make or receive calls?: NET: AT LEAST ONCE A WEEK",Nominal,Input,8,Right,F1,F1
Q12_4A,533,"Q12. In a typical week, how often is your landline used to make or receive calls?: Every day",Nominal,Input,8,Right,F1,F1
Q12_4B,534,"Q12. In a typical week, how often is your landline used to make or receive calls?: Every few days",Nominal,Input,8,Right,F1,F1
Q12_4C,535,"Q12. In a typical week, how often is your landline used to make or receive calls?: Several times a week",Nominal,Input,8,Right,F1,F1
Q12_4D,536,"Q12. In a typical week, how often is your landline used to make or receive calls?: Once a week",Nominal,Input,8,Right,F1,F1
Q12_4E,537,"Q12. In a typical week, how often is your landline used to make or receive calls?: Less often",Nominal,Input,8,Right,F1,F1
Q12_4F,538,"Q12. In a typical week, how often is your landline used to make or receive calls?: Don’t know",Nominal,Input,8,Right,F1,F1
Q12_4G,539,"Q12. In a typical week, how often is your landline used to make or receive calls?: The landline is never used to make or receive phone calls",Nominal,Input,8,Right,F1,F1
Q12_4H,540,"Q12. In a typical week, how often is your landline used to make or receive calls?: NET: AT LEAST ONCE A WEEK",Nominal,Input,8,Right,F1,F1
Q12_5A,541,"Q12. In a typical week, how often is your landline used to make or receive calls?: Every day",Nominal,Input,8,Right,F1,F1
Q12_5B,542,"Q12. In a typical week, how often is your landline used to make or receive calls?: Every few days",Nominal,Input,8,Right,F1,F1
Q12_5C,543,"Q12. In a typical week, how often is your landline used to make or receive calls?: Several times a week",Nominal,Input,8,Right,F1,F1
Q12_5D,544,"Q12. In a typical week, how often is your landline used to make or receive calls?: Once a week",Nominal,Input,8,Right,F1,F1
Q12_5E,545,"Q12. In a typical week, how often is your landline used to make or receive calls?: Less often",Nominal,Input,8,Right,F1,F1
Q12_5F,546,"Q12. In a typical week, how often is your landline used to make or receive calls?: Don’t know",Nominal,Input,8,Right,F1,F1
Q12_5G,547,"Q12. In a typical week, how often is your landline used to make or receive calls?: The landline is never used to make or receive phone calls",Nominal,Input,8,Right,F1,F1
Q12_5H,548,"Q12. In a typical week, how often is your landline used to make or receive calls?: NET: AT LEAST ONCE A WEEK",Nominal,Input,8,Right,F1,F1
Q12_6A,549,"Q12. In a typical week, how often is your landline used to make or receive calls?: Every day",Nominal,Input,8,Right,F1,F1
Q12_6B,550,"Q12. In a typical week, how often is your landline used to make or receive calls?: Every few days",Nominal,Input,8,Right,F1,F1
Q12_6C,551,"Q12. In a typical week, how often is your landline used to make or receive calls?: Several times a week",Nominal,Input,8,Right,F1,F1
Q12_6D,552,"Q12. In a typical week, how often is your landline used to make or receive calls?: Once a week",Nominal,Input,8,Right,F1,F1
Q12_6E,553,"Q12. In a typical week, how often is your landline used to make or receive calls?: Less often",Nominal,Input,8,Right,F1,F1
Q12_6F,554,"Q12. In a typical week, how often is your landline used to make or receive calls?: Don’t know",Nominal,Input,8,Right,F1,F1
Q12_6G,555,"Q12. In a typical week, how often is your landline used to make or receive calls?: The landline is never used to make or receive phone calls",Nominal,Input,8,Right,F1,F1
Q12_6H,556,"Q12. In a typical week, how often is your landline used to make or receive calls?: NET: AT LEAST ONCE A WEEK",Nominal,Input,8,Right,F1,F1
Q13_1,557,Q13. Thinking about your mobile phone service... Which of these best describes the mobile phone package you personally use most often from (PROVIDER)?,Nominal,Input,8,Right,F1,F1
Q13_2,558,Q13. Thinking about your mobile phone service... Which of these best describes the mobile phone package you personally use most often from (PROVIDER)?,Nominal,Input,8,Right,F1,F1
Q13_3,559,Q13. Thinking about your mobile phone service... Which of these best describes the mobile phone package you personally use most often from (PROVIDER)?,Nominal,Input,8,Right,F1,F1
Q13_4,560,Q13. Thinking about your mobile phone service... Which of these best describes the mobile phone package you personally use most often from (PROVIDER)?,Nominal,Input,8,Right,F1,F1
Q13_5,561,Q13. Thinking about your mobile phone service... Which of these best describes the mobile phone package you personally use most often from (PROVIDER)?,Nominal,Input,8,Right,F1,F1
Q13_6,562,Q13. Thinking about your mobile phone service... Which of these best describes the mobile phone package you personally use most often from (PROVIDER)?,Nominal,Input,8,Right,F1,F1
Q13A_1A,563,Q13A. How long have you had the (main) mobile phone handset that you currently use?: Less than a year,Nominal,Input,8,Right,F1,F1
Q13A_1B,564,Q13A. How long have you had the (main) mobile phone handset that you currently use?: Between one year and 18 months,Nominal,Input,8,Right,F1,F1
Q13A_1C,565,Q13A. How long have you had the (main) mobile phone handset that you currently use?: Over 18 months up to 2 years,Nominal,Input,8,Right,F1,F1
Q13A_1D,566,Q13A. How long have you had the (main) mobile phone handset that you currently use?: Over 2 years up to 5 years,Nominal,Input,8,Right,F1,F1
Q13A_1E,567,Q13A. How long have you had the (main) mobile phone handset that you currently use?: Over 5 years up to 10 years,Nominal,Input,8,Right,F1,F1
Q13A_1F,568,Q13A. How long have you had the (main) mobile phone handset that you currently use?: Over 10 years,Nominal,Input,8,Right,F1,F1
Q13A_1G,569,Q13A. How long have you had the (main) mobile phone handset that you currently use?: Don’t know,Nominal,Input,8,Right,F1,F1
Q13A_1H,570,Q13A. How long have you had the (main) mobile phone handset that you currently use?: TOTAL UP TO 2 YEARS,Nominal,Input,8,Right,F1,F1
Q13A_1I,571,"Q13A. How long have you had the (main) mobile phone handset that you currently use?: OVER 2, UP TO 5 YEARS",Nominal,Input,8,Right,F1,F1
Q13A_1J,572,Q13A. How long have you had the (main) mobile phone handset that you currently use?: OVER 5 YEARS,Nominal,Input,8,Right,F1,F1
Q13A_2A,573,Q13A. How long have you had the (main) mobile phone handset that you currently use?: Less than a year,Nominal,Input,8,Right,F1,F1
Q13A_2B,574,Q13A. How long have you had the (main) mobile phone handset that you currently use?: Between one year and 18 months,Nominal,Input,8,Right,F1,F1
Q13A_2C,575,Q13A. How long have you had the (main) mobile phone handset that you currently use?: Over 18 months up to 2 years,Nominal,Input,8,Right,F1,F1
Q13A_2D,576,Q13A. How long have you had the (main) mobile phone handset that you currently use?: Over 2 years up to 5 years,Nominal,Input,8,Right,F1,F1
Q13A_2E,577,Q13A. How long have you had the (main) mobile phone handset that you currently use?: Over 5 years up to 10 years,Nominal,Input,8,Right,F1,F1
Q13A_2F,578,Q13A. How long have you had the (main) mobile phone handset that you currently use?: Over 10 years,Nominal,Input,8,Right,F1,F1
Q13A_2G,579,Q13A. How long have you had the (main) mobile phone handset that you currently use?: Don’t know,Nominal,Input,8,Right,F1,F1
Q13A_2H,580,Q13A. How long have you had the (main) mobile phone handset that you currently use?: TOTAL UP TO 2 YEARS,Nominal,Input,8,Right,F1,F1
Q13A_2I,581,"Q13A. How long have you had the (main) mobile phone handset that you currently use?: OVER 2, UP TO 5 YEARS",Nominal,Input,8,Right,F1,F1
Q13A_2J,582,Q13A. How long have you had the (main) mobile phone handset that you currently use?: OVER 5 YEARS,Nominal,Input,8,Right,F1,F1
Q13A_3A,583,Q13A. How long have you had the (main) mobile phone handset that you currently use?: Less than a year,Nominal,Input,8,Right,F1,F1
Q13A_3B,584,Q13A. How long have you had the (main) mobile phone handset that you currently use?: Between one year and 18 months,Nominal,Input,8,Right,F1,F1
Q13A_3C,585,Q13A. How long have you had the (main) mobile phone handset that you currently use?: Over 18 months up to 2 years,Nominal,Input,8,Right,F1,F1
Q13A_3D,586,Q13A. How long have you had the (main) mobile phone handset that you currently use?: Over 2 years up to 5 years,Nominal,Input,8,Right,F1,F1
Q13A_3E,587,Q13A. How long have you had the (main) mobile phone handset that you currently use?: Over 5 years up to 10 years,Nominal,Input,8,Right,F1,F1
Q13A_3F,588,Q13A. How long have you had the (main) mobile phone handset that you currently use?: Over 10 years,Nominal,Input,8,Right,F1,F1
Q13A_3G,589,Q13A. How long have you had the (main) mobile phone handset that you currently use?: Don’t know,Nominal,Input,8,Right,F1,F1
Q13A_3H,590,Q13A. How long have you had the (main) mobile phone handset that you currently use?: TOTAL UP TO 2 YEARS,Nominal,Input,8,Right,F1,F1
Q13A_3I,591,"Q13A. How long have you had the (main) mobile phone handset that you currently use?: OVER 2, UP TO 5 YEARS",Nominal,Input,8,Right,F1,F1
Q13A_3J,592,Q13A. How long have you had the (main) mobile phone handset that you currently use?: OVER 5 YEARS,Nominal,Input,8,Right,F1,F1
Q13A_4A,593,Q13A. How long have you had the (main) mobile phone handset that you currently use?: Less than a year,Nominal,Input,8,Right,F1,F1
Q13A_4B,594,Q13A. How long have you had the (main) mobile phone handset that you currently use?: Between one year and 18 months,Nominal,Input,8,Right,F1,F1
Q13A_4C,595,Q13A. How long have you had the (main) mobile phone handset that you currently use?: Over 18 months up to 2 years,Nominal,Input,8,Right,F1,F1
Q13A_4D,596,Q13A. How long have you had the (main) mobile phone handset that you currently use?: Over 2 years up to 5 years,Nominal,Input,8,Right,F1,F1
Q13A_4E,597,Q13A. How long have you had the (main) mobile phone handset that you currently use?: Over 5 years up to 10 years,Nominal,Input,8,Right,F1,F1
Q13A_4F,598,Q13A. How long have you had the (main) mobile phone handset that you currently use?: Over 10 years,Nominal,Input,8,Right,F1,F1
Q13A_4G,599,Q13A. How long have you had the (main) mobile phone handset that you currently use?: Don’t know,Nominal,Input,8,Right,F1,F1
Q13A_4H,600,Q13A. How long have you had the (main) mobile phone handset that you currently use?: TOTAL UP TO 2 YEARS,Nominal,Input,8,Right,F1,F1
Q13A_4I,601,"Q13A. How long have you had the (main) mobile phone handset that you currently use?: OVER 2, UP TO 5 YEARS",Nominal,Input,8,Right,F1,F1
Q13A_4J,602,Q13A. How long have you had the (main) mobile phone handset that you currently use?: OVER 5 YEARS,Nominal,Input,8,Right,F1,F1
Q13A_5A,603,Q13A. How long have you had the (main) mobile phone handset that you currently use?: Less than a year,Nominal,Input,8,Right,F1,F1
Q13A_5B,604,Q13A. How long have you had the (main) mobile phone handset that you currently use?: Between one year and 18 months,Nominal,Input,8,Right,F1,F1
Q13A_5C,605,Q13A. How long have you had the (main) mobile phone handset that you currently use?: Over 18 months up to 2 years,Nominal,Input,8,Right,F1,F1
Q13A_5D,606,Q13A. How long have you had the (main) mobile phone handset that you currently use?: Over 2 years up to 5 years,Nominal,Input,8,Right,F1,F1
Q13A_5E,607,Q13A. How long have you had the (main) mobile phone handset that you currently use?: Over 5 years up to 10 years,Nominal,Input,8,Right,F1,F1
Q13A_5F,608,Q13A. How long have you had the (main) mobile phone handset that you currently use?: Over 10 years,Nominal,Input,8,Right,F1,F1
Q13A_5G,609,Q13A. How long have you had the (main) mobile phone handset that you currently use?: Don’t know,Nominal,Input,8,Right,F1,F1
Q13A_5H,610,Q13A. How long have you had the (main) mobile phone handset that you currently use?: TOTAL UP TO 2 YEARS,Nominal,Input,8,Right,F1,F1
Q13A_5I,611,"Q13A. How long have you had the (main) mobile phone handset that you currently use?: OVER 2, UP TO 5 YEARS",Nominal,Input,8,Right,F1,F1
Q13A_5J,612,Q13A. How long have you had the (main) mobile phone handset that you currently use?: OVER 5 YEARS,Nominal,Input,8,Right,F1,F1
Q13A_6A,613,Q13A. How long have you had the (main) mobile phone handset that you currently use?: Less than a year,Nominal,Input,8,Right,F1,F1
Q13A_6B,614,Q13A. How long have you had the (main) mobile phone handset that you currently use?: Between one year and 18 months,Nominal,Input,8,Right,F1,F1
Q13A_6C,615,Q13A. How long have you had the (main) mobile phone handset that you currently use?: Over 18 months up to 2 years,Nominal,Input,8,Right,F1,F1
Q13A_6D,616,Q13A. How long have you had the (main) mobile phone handset that you currently use?: Over 2 years up to 5 years,Nominal,Input,8,Right,F1,F1
Q13A_6E,617,Q13A. How long have you had the (main) mobile phone handset that you currently use?: Over 5 years up to 10 years,Nominal,Input,8,Right,F1,F1
Q13A_6F,618,Q13A. How long have you had the (main) mobile phone handset that you currently use?: Over 10 years,Nominal,Input,8,Right,F1,F1
Q13A_6G,619,Q13A. How long have you had the (main) mobile phone handset that you currently use?: Don’t know,Nominal,Input,8,Right,F1,F1
Q13A_6H,620,Q13A. How long have you had the (main) mobile phone handset that you currently use?: TOTAL UP TO 2 YEARS,Nominal,Input,8,Right,F1,F1
Q13A_6I,621,"Q13A. How long have you had the (main) mobile phone handset that you currently use?: OVER 2, UP TO 5 YEARS",Nominal,Input,8,Right,F1,F1
Q13A_6J,622,Q13A. How long have you had the (main) mobile phone handset that you currently use?: OVER 5 YEARS,Nominal,Input,8,Right,F1,F1
Q14_1,623,Q14. Are you still within your minimum contract period for your mobile phone service from (PROVIDER)?,Nominal,Input,8,Right,F1,F1
Q14_2,624,Q14. Are you still within your minimum contract period for your mobile phone service from (PROVIDER)?,Nominal,Input,8,Right,F1,F1
Q14_3,625,Q14. Are you still within your minimum contract period for your mobile phone service from (PROVIDER)?,Nominal,Input,8,Right,F1,F1
Q14_4,626,Q14. Are you still within your minimum contract period for your mobile phone service from (PROVIDER)?,Nominal,Input,8,Right,F1,F1
Q14_5,627,Q14. Are you still within your minimum contract period for your mobile phone service from (PROVIDER)?,Nominal,Input,8,Right,F1,F1
Q14_6,628,Q14. Are you still within your minimum contract period for your mobile phone service from (PROVIDER)?,Nominal,Input,8,Right,F1,F1
Q15_1A,629,Q15. Which of the following best describes the deal that you are paying for now for your mobile phone?: A monthly contract including a new handset - up to a 12 month contract,Nominal,Input,8,Right,F1,F1
Q15_1B,630,Q15. Which of the following best describes the deal that you are paying for now for your mobile phone?: A monthly contract including a new handset - a 13-24 month contract,Nominal,Input,8,Right,F1,F1
Q15_1C,631,Q15. Which of the following best describes the deal that you are paying for now for your mobile phone?: A monthly contract including a new handset - a 25+ month contract,Nominal,Input,8,Right,F1,F1
Q15_1D,632,Q15. Which of the following best describes the deal that you are paying for now for your mobile phone?: A monthly contract including a new handset - not sure of length of contract,Nominal,Input,8,Right,F1,F1
Q15_1E,633,Q15. Which of the following best describes the deal that you are paying for now for your mobile phone?: SIM only – no handset included in the deal - on a 30-day rolling contract,Nominal,Input,8,Right,F1,F1
Q15_1F,634,Q15. Which of the following best describes the deal that you are paying for now for your mobile phone?: SIM only – no handset included in the deal - on a 12-month contract,Nominal,Input,8,Right,F1,F1
Q15_1G,635,Q15. Which of the following best describes the deal that you are paying for now for your mobile phone?: SIM only – no handset included in the deal - on a 24-month contract,Nominal,Input,8,Right,F1,F1
Q15_1H,636,Q15. Which of the following best describes the deal that you are paying for now for your mobile phone?: SIM only – no handset included in the deal - not sure of length of contract,Nominal,Input,8,Right,F1,F1
Q15_1I,637,Q15. Which of the following best describes the deal that you are paying for now for your mobile phone?: Don’t know,Nominal,Input,8,Right,F1,F1
Q15_1J,638,Q15. Which of the following best describes the deal that you are paying for now for your mobile phone?: NET: MONTHLY CONTRACT,Nominal,Input,8,Right,F1,F1
Q15_1K,639,Q15. Which of the following best describes the deal that you are paying for now for your mobile phone?: NET: SIM ONLY,Nominal,Input,8,Right,F1,F1
Q15_2A,640,Q15. Which of the following best describes the deal that you are paying for now for your mobile phone?: A monthly contract including a new handset - up to a 12 month contract,Nominal,Input,8,Right,F1,F1
Q15_2B,641,Q15. Which of the following best describes the deal that you are paying for now for your mobile phone?: A monthly contract including a new handset - a 13-24 month contract,Nominal,Input,8,Right,F1,F1
Q15_2C,642,Q15. Which of the following best describes the deal that you are paying for now for your mobile phone?: A monthly contract including a new handset - a 25+ month contract,Nominal,Input,8,Right,F1,F1
Q15_2D,643,Q15. Which of the following best describes the deal that you are paying for now for your mobile phone?: A monthly contract including a new handset - not sure of length of contract,Nominal,Input,8,Right,F1,F1
Q15_2E,644,Q15. Which of the following best describes the deal that you are paying for now for your mobile phone?: SIM only – no handset included in the deal - on a 30-day rolling contract,Nominal,Input,8,Right,F1,F1
Q15_2F,645,Q15. Which of the following best describes the deal that you are paying for now for your mobile phone?: SIM only – no handset included in the deal - on a 12-month contract,Nominal,Input,8,Right,F1,F1
Q15_2G,646,Q15. Which of the following best describes the deal that you are paying for now for your mobile phone?: SIM only – no handset included in the deal - on a 24-month contract,Nominal,Input,8,Right,F1,F1
Q15_2H,647,Q15. Which of the following best describes the deal that you are paying for now for your mobile phone?: SIM only – no handset included in the deal - not sure of length of contract,Nominal,Input,8,Right,F1,F1
Q15_2I,648,Q15. Which of the following best describes the deal that you are paying for now for your mobile phone?: Don’t know,Nominal,Input,8,Right,F1,F1
Q15_2J,649,Q15. Which of the following best describes the deal that you are paying for now for your mobile phone?: NET: MONTHLY CONTRACT,Nominal,Input,8,Right,F1,F1
Q15_2K,650,Q15. Which of the following best describes the deal that you are paying for now for your mobile phone?: NET: SIM ONLY,Nominal,Input,8,Right,F1,F1
Q15_3A,651,Q15. Which of the following best describes the deal that you are paying for now for your mobile phone?: A monthly contract including a new handset - up to a 12 month contract,Nominal,Input,8,Right,F1,F1
Q15_3B,652,Q15. Which of the following best describes the deal that you are paying for now for your mobile phone?: A monthly contract including a new handset - a 13-24 month contract,Nominal,Input,8,Right,F1,F1
Q15_3C,653,Q15. Which of the following best describes the deal that you are paying for now for your mobile phone?: A monthly contract including a new handset - a 25+ month contract,Nominal,Input,8,Right,F1,F1
Q15_3D,654,Q15. Which of the following best describes the deal that you are paying for now for your mobile phone?: A monthly contract including a new handset - not sure of length of contract,Nominal,Input,8,Right,F1,F1
Q15_3E,655,Q15. Which of the following best describes the deal that you are paying for now for your mobile phone?: SIM only – no handset included in the deal - on a 30-day rolling contract,Nominal,Input,8,Right,F1,F1
Q15_3F,656,Q15. Which of the following best describes the deal that you are paying for now for your mobile phone?: SIM only – no handset included in the deal - on a 12-month contract,Nominal,Input,8,Right,F1,F1
Q15_3G,657,Q15. Which of the following best describes the deal that you are paying for now for your mobile phone?: SIM only – no handset included in the deal - on a 24-month contract,Nominal,Input,8,Right,F1,F1
Q15_3H,658,Q15. Which of the following best describes the deal that you are paying for now for your mobile phone?: SIM only – no handset included in the deal - not sure of length of contract,Nominal,Input,8,Right,F1,F1
Q15_3I,659,Q15. Which of the following best describes the deal that you are paying for now for your mobile phone?: Don’t know,Nominal,Input,8,Right,F1,F1
Q15_3J,660,Q15. Which of the following best describes the deal that you are paying for now for your mobile phone?: NET: MONTHLY CONTRACT,Nominal,Input,8,Right,F1,F1
Q15_3K,661,Q15. Which of the following best describes the deal that you are paying for now for your mobile phone?: NET: SIM ONLY,Nominal,Input,8,Right,F1,F1
Q15_4A,662,Q15. Which of the following best describes the deal that you are paying for now for your mobile phone?: A monthly contract including a new handset - up to a 12 month contract,Nominal,Input,8,Right,F1,F1
Q15_4B,663,Q15. Which of the following best describes the deal that you are paying for now for your mobile phone?: A monthly contract including a new handset - a 13-24 month contract,Nominal,Input,8,Right,F1,F1
Q15_4C,664,Q15. Which of the following best describes the deal that you are paying for now for your mobile phone?: A monthly contract including a new handset - a 25+ month contract,Nominal,Input,8,Right,F1,F1
Q15_4D,665,Q15. Which of the following best describes the deal that you are paying for now for your mobile phone?: A monthly contract including a new handset - not sure of length of contract,Nominal,Input,8,Right,F1,F1
Q15_4E,666,Q15. Which of the following best describes the deal that you are paying for now for your mobile phone?: SIM only – no handset included in the deal - on a 30-day rolling contract,Nominal,Input,8,Right,F1,F1
Q15_4F,667,Q15. Which of the following best describes the deal that you are paying for now for your mobile phone?: SIM only – no handset included in the deal - on a 12-month contract,Nominal,Input,8,Right,F1,F1
Q15_4G,668,Q15. Which of the following best describes the deal that you are paying for now for your mobile phone?: SIM only – no handset included in the deal - on a 24-month contract,Nominal,Input,8,Right,F1,F1
Q15_4H,669,Q15. Which of the following best describes the deal that you are paying for now for your mobile phone?: SIM only – no handset included in the deal - not sure of length of contract,Nominal,Input,8,Right,F1,F1
Q15_4I,670,Q15. Which of the following best describes the deal that you are paying for now for your mobile phone?: Don’t know,Nominal,Input,8,Right,F1,F1
Q15_4J,671,Q15. Which of the following best describes the deal that you are paying for now for your mobile phone?: NET: MONTHLY CONTRACT,Nominal,Input,8,Right,F1,F1
Q15_4K,672,Q15. Which of the following best describes the deal that you are paying for now for your mobile phone?: NET: SIM ONLY,Nominal,Input,8,Right,F1,F1
Q15_5A,673,Q15. Which of the following best describes the deal that you are paying for now for your mobile phone?: A monthly contract including a new handset - up to a 12 month contract,Nominal,Input,8,Right,F1,F1
Q15_5B,674,Q15. Which of the following best describes the deal that you are paying for now for your mobile phone?: A monthly contract including a new handset - a 13-24 month contract,Nominal,Input,8,Right,F1,F1
Q15_5C,675,Q15. Which of the following best describes the deal that you are paying for now for your mobile phone?: A monthly contract including a new handset - a 25+ month contract,Nominal,Input,8,Right,F1,F1
Q15_5D,676,Q15. Which of the following best describes the deal that you are paying for now for your mobile phone?: A monthly contract including a new handset - not sure of length of contract,Nominal,Input,8,Right,F1,F1
Q15_5E,677,Q15. Which of the following best describes the deal that you are paying for now for your mobile phone?: SIM only – no handset included in the deal - on a 30-day rolling contract,Nominal,Input,8,Right,F1,F1
Q15_5F,678,Q15. Which of the following best describes the deal that you are paying for now for your mobile phone?: SIM only – no handset included in the deal - on a 12-month contract,Nominal,Input,8,Right,F1,F1
Q15_5G,679,Q15. Which of the following best describes the deal that you are paying for now for your mobile phone?: SIM only – no handset included in the deal - on a 24-month contract,Nominal,Input,8,Right,F1,F1
Q15_5H,680,Q15. Which of the following best describes the deal that you are paying for now for your mobile phone?: SIM only – no handset included in the deal - not sure of length of contract,Nominal,Input,8,Right,F1,F1
Q15_5I,681,Q15. Which of the following best describes the deal that you are paying for now for your mobile phone?: Don’t know,Nominal,Input,8,Right,F1,F1
Q15_5J,682,Q15. Which of the following best describes the deal that you are paying for now for your mobile phone?: NET: MONTHLY CONTRACT,Nominal,Input,8,Right,F1,F1
Q15_5K,683,Q15. Which of the following best describes the deal that you are paying for now for your mobile phone?: NET: SIM ONLY,Nominal,Input,8,Right,F1,F1
Q15_6A,684,Q15. Which of the following best describes the deal that you are paying for now for your mobile phone?: A monthly contract including a new handset - up to a 12 month contract,Nominal,Input,8,Right,F1,F1
Q15_6B,685,Q15. Which of the following best describes the deal that you are paying for now for your mobile phone?: A monthly contract including a new handset - a 13-24 month contract,Nominal,Input,8,Right,F1,F1
Q15_6C,686,Q15. Which of the following best describes the deal that you are paying for now for your mobile phone?: A monthly contract including a new handset - a 25+ month contract,Nominal,Input,8,Right,F1,F1
Q15_6D,687,Q15. Which of the following best describes the deal that you are paying for now for your mobile phone?: A monthly contract including a new handset - not sure of length of contract,Nominal,Input,8,Right,F1,F1
Q15_6E,688,Q15. Which of the following best describes the deal that you are paying for now for your mobile phone?: SIM only – no handset included in the deal - on a 30-day rolling contract,Nominal,Input,8,Right,F1,F1
Q15_6F,689,Q15. Which of the following best describes the deal that you are paying for now for your mobile phone?: SIM only – no handset included in the deal - on a 12-month contract,Nominal,Input,8,Right,F1,F1
Q15_6G,690,Q15. Which of the following best describes the deal that you are paying for now for your mobile phone?: SIM only – no handset included in the deal - on a 24-month contract,Nominal,Input,8,Right,F1,F1
Q15_6H,691,Q15. Which of the following best describes the deal that you are paying for now for your mobile phone?: SIM only – no handset included in the deal - not sure of length of contract,Nominal,Input,8,Right,F1,F1
Q15_6I,692,Q15. Which of the following best describes the deal that you are paying for now for your mobile phone?: Don’t know,Nominal,Input,8,Right,F1,F1
Q15_6J,693,Q15. Which of the following best describes the deal that you are paying for now for your mobile phone?: NET: MONTHLY CONTRACT,Nominal,Input,8,Right,F1,F1
Q15_6K,694,Q15. Which of the following best describes the deal that you are paying for now for your mobile phone?: NET: SIM ONLY,Nominal,Input,8,Right,F1,F1
Q16_1,695,"Q16. Which one of these best describes your current situation, now that your minimum contract period for your mobile phone service and handset has ended?",Nominal,Input,8,Right,F1,F1
Q16_2,696,"Q16. Which one of these best describes your current situation, now that your minimum contract period for your mobile phone service and handset has ended?",Nominal,Input,8,Right,F1,F1
Q16_3,697,"Q16. Which one of these best describes your current situation, now that your minimum contract period for your mobile phone service and handset has ended?",Nominal,Input,8,Right,F1,F1
Q16_4,698,"Q16. Which one of these best describes your current situation, now that your minimum contract period for your mobile phone service and handset has ended?",Nominal,Input,8,Right,F1,F1
Q16_5,699,"Q16. Which one of these best describes your current situation, now that your minimum contract period for your mobile phone service and handset has ended?",Nominal,Input,8,Right,F1,F1
Q16_6,700,"Q16. Which one of these best describes your current situation, now that your minimum contract period for your mobile phone service and handset has ended?",Nominal,Input,8,Right,F1,F1
Q17_1,701,Q17. Is this mobile phone a smartphone?,Nominal,Input,8,Right,F1,F1
Q17_2,702,Q17. Is this mobile phone a smartphone?,Nominal,Input,8,Right,F1,F1
Q17_3,703,Q17. Is this mobile phone a smartphone?,Nominal,Input,8,Right,F1,F1
Q17_4,704,Q17. Is this mobile phone a smartphone?,Nominal,Input,8,Right,F1,F1
Q17_5,705,Q17. Is this mobile phone a smartphone?,Nominal,Input,8,Right,F1,F1
Q17_6,706,Q17. Is this mobile phone a smartphone?,Nominal,Input,8,Right,F1,F1
Q17A_1A,707,"Q17A. EXPLANATION OF SIM-ONLY CONTRACTS Before now, were you aware that at the end of your minimum contract period, if you keep your phone handset you could move to a SIM-only contract with either your existing provider or an alternative provider?: Yes ...",Nominal,Input,8,Right,F1,F1
Q17A_1B,708,"Q17A. EXPLANATION OF SIM-ONLY CONTRACTS Before now, were you aware that at the end of your minimum contract period, if you keep your phone handset you could move to a SIM-only contract with either your existing provider or an alternative provider?: Yes ...",Nominal,Input,8,Right,F1,F1
Q17A_1C,709,"Q17A. EXPLANATION OF SIM-ONLY CONTRACTS Before now, were you aware that at the end of your minimum contract period, if you keep your phone handset you could move to a SIM-only contract with either your existing provider or an alternative provider?: No, ...",Nominal,Input,8,Right,F1,F1
Q17A_1D,710,"Q17A. EXPLANATION OF SIM-ONLY CONTRACTS Before now, were you aware that at the end of your minimum contract period, if you keep your phone handset you could move to a SIM-only contract with either your existing provider or an alternative provider?: TOTA...",Nominal,Input,8,Right,F1,F1
Q17A_2A,711,"Q17A. EXPLANATION OF SIM-ONLY CONTRACTS Before now, were you aware that at the end of your minimum contract period, if you keep your phone handset you could move to a SIM-only contract with either your existing provider or an alternative provider?: Yes ...",Nominal,Input,8,Right,F1,F1
Q17A_2B,712,"Q17A. EXPLANATION OF SIM-ONLY CONTRACTS Before now, were you aware that at the end of your minimum contract period, if you keep your phone handset you could move to a SIM-only contract with either your existing provider or an alternative provider?: Yes ...",Nominal,Input,8,Right,F1,F1
Q17A_2C,713,"Q17A. EXPLANATION OF SIM-ONLY CONTRACTS Before now, were you aware that at the end of your minimum contract period, if you keep your phone handset you could move to a SIM-only contract with either your existing provider or an alternative provider?: No, ...",Nominal,Input,8,Right,F1,F1
Q17A_2D,714,"Q17A. EXPLANATION OF SIM-ONLY CONTRACTS Before now, were you aware that at the end of your minimum contract period, if you keep your phone handset you could move to a SIM-only contract with either your existing provider or an alternative provider?: TOTA...",Nominal,Input,8,Right,F1,F1
Q17A_3A,715,"Q17A. EXPLANATION OF SIM-ONLY CONTRACTS Before now, were you aware that at the end of your minimum contract period, if you keep your phone handset you could move to a SIM-only contract with either your existing provider or an alternative provider?: Yes ...",Nominal,Input,8,Right,F1,F1
Q17A_3B,716,"Q17A. EXPLANATION OF SIM-ONLY CONTRACTS Before now, were you aware that at the end of your minimum contract period, if you keep your phone handset you could move to a SIM-only contract with either your existing provider or an alternative provider?: Yes ...",Nominal,Input,8,Right,F1,F1
Q17A_3C,717,"Q17A. EXPLANATION OF SIM-ONLY CONTRACTS Before now, were you aware that at the end of your minimum contract period, if you keep your phone handset you could move to a SIM-only contract with either your existing provider or an alternative provider?: No, ...",Nominal,Input,8,Right,F1,F1
Q17A_3D,718,"Q17A. EXPLANATION OF SIM-ONLY CONTRACTS Before now, were you aware that at the end of your minimum contract period, if you keep your phone handset you could move to a SIM-only contract with either your existing provider or an alternative provider?: TOTA...",Nominal,Input,8,Right,F1,F1
Q17A_4A,719,"Q17A. EXPLANATION OF SIM-ONLY CONTRACTS Before now, were you aware that at the end of your minimum contract period, if you keep your phone handset you could move to a SIM-only contract with either your existing provider or an alternative provider?: Yes ...",Nominal,Input,8,Right,F1,F1
Q17A_4B,720,"Q17A. EXPLANATION OF SIM-ONLY CONTRACTS Before now, were you aware that at the end of your minimum contract period, if you keep your phone handset you could move to a SIM-only contract with either your existing provider or an alternative provider?: Yes ...",Nominal,Input,8,Right,F1,F1
Q17A_4C,721,"Q17A. EXPLANATION OF SIM-ONLY CONTRACTS Before now, were you aware that at the end of your minimum contract period, if you keep your phone handset you could move to a SIM-only contract with either your existing provider or an alternative provider?: No, ...",Nominal,Input,8,Right,F1,F1
Q17A_4D,722,"Q17A. EXPLANATION OF SIM-ONLY CONTRACTS Before now, were you aware that at the end of your minimum contract period, if you keep your phone handset you could move to a SIM-only contract with either your existing provider or an alternative provider?: TOTA...",Nominal,Input,8,Right,F1,F1
Q17A_5A,723,"Q17A. EXPLANATION OF SIM-ONLY CONTRACTS Before now, were you aware that at the end of your minimum contract period, if you keep your phone handset you could move to a SIM-only contract with either your existing provider or an alternative provider?: Yes ...",Nominal,Input,8,Right,F1,F1
Q17A_5B,724,"Q17A. EXPLANATION OF SIM-ONLY CONTRACTS Before now, were you aware that at the end of your minimum contract period, if you keep your phone handset you could move to a SIM-only contract with either your existing provider or an alternative provider?: Yes ...",Nominal,Input,8,Right,F1,F1
Q17A_5C,725,"Q17A. EXPLANATION OF SIM-ONLY CONTRACTS Before now, were you aware that at the end of your minimum contract period, if you keep your phone handset you could move to a SIM-only contract with either your existing provider or an alternative provider?: No, ...",Nominal,Input,8,Right,F1,F1
Q17A_5D,726,"Q17A. EXPLANATION OF SIM-ONLY CONTRACTS Before now, were you aware that at the end of your minimum contract period, if you keep your phone handset you could move to a SIM-only contract with either your existing provider or an alternative provider?: TOTA...",Nominal,Input,8,Right,F1,F1
Q17A_6A,727,"Q17A. EXPLANATION OF SIM-ONLY CONTRACTS Before now, were you aware that at the end of your minimum contract period, if you keep your phone handset you could move to a SIM-only contract with either your existing provider or an alternative provider?: Yes ...",Nominal,Input,8,Right,F1,F1
Q17A_6B,728,"Q17A. EXPLANATION OF SIM-ONLY CONTRACTS Before now, were you aware that at the end of your minimum contract period, if you keep your phone handset you could move to a SIM-only contract with either your existing provider or an alternative provider?: Yes ...",Nominal,Input,8,Right,F1,F1
Q17A_6C,729,"Q17A. EXPLANATION OF SIM-ONLY CONTRACTS Before now, were you aware that at the end of your minimum contract period, if you keep your phone handset you could move to a SIM-only contract with either your existing provider or an alternative provider?: No, ...",Nominal,Input,8,Right,F1,F1
Q17A_6D,730,"Q17A. EXPLANATION OF SIM-ONLY CONTRACTS Before now, were you aware that at the end of your minimum contract period, if you keep your phone handset you could move to a SIM-only contract with either your existing provider or an alternative provider?: TOTA...",Nominal,Input,8,Right,F1,F1
Q18_1,731,Q18. Thinking about your household’s fixed broadband service... Which of these fixed broadband services does your household have from (PROVIDER)?,Nominal,Input,8,Right,F1,F1
Q18_2,732,Q18. Thinking about your household’s fixed broadband service... Which of these fixed broadband services does your household have from (PROVIDER)?,Nominal,Input,8,Right,F1,F1
Q18_3,733,Q18. Thinking about your household’s fixed broadband service... Which of these fixed broadband services does your household have from (PROVIDER)?,Nominal,Input,8,Right,F1,F1
Q18_4,734,Q18. Thinking about your household’s fixed broadband service... Which of these fixed broadband services does your household have from (PROVIDER)?,Nominal,Input,8,Right,F1,F1
Q18_5,735,Q18. Thinking about your household’s fixed broadband service... Which of these fixed broadband services does your household have from (PROVIDER)?,Nominal,Input,8,Right,F1,F1
Q18_6,736,Q18. Thinking about your household’s fixed broadband service... Which of these fixed broadband services does your household have from (PROVIDER)?,Nominal,Input,8,Right,F1,F1
Q18A_1A,737,Q18A. When did you first have broadband at home? (This may have been at a previous address): In the last 3 months,Nominal,Input,8,Right,F1,F1
Q18A_1B,738,Q18A. When did you first have broadband at home? (This may have been at a previous address): In the last 4-6 months,Nominal,Input,8,Right,F1,F1
Q18A_1C,739,Q18A. When did you first have broadband at home? (This may have been at a previous address): In the last 7-12 months,Nominal,Input,8,Right,F1,F1
Q18A_1D,740,Q18A. When did you first have broadband at home? (This may have been at a previous address): In the last 1-2 years,Nominal,Input,8,Right,F1,F1
Q18A_1E,741,Q18A. When did you first have broadband at home? (This may have been at a previous address): In the last 3-5 years,Nominal,Input,8,Right,F1,F1
Q18A_1F,742,Q18A. When did you first have broadband at home? (This may have been at a previous address): In the last 6-10 years,Nominal,Input,8,Right,F1,F1
Q18A_1G,743,Q18A. When did you first have broadband at home? (This may have been at a previous address): Over 10 years ago,Nominal,Input,8,Right,F1,F1
Q18A_1H,744,Q18A. When did you first have broadband at home? (This may have been at a previous address): Don’t know,Nominal,Input,8,Right,F1,F1
Q18A_1I,745,Q18A. When did you first have broadband at home? (This may have been at a previous address): LAST 12 MONTHS,Nominal,Input,8,Right,F1,F1
Q18A_1J,746,Q18A. When did you first have broadband at home? (This may have been at a previous address): LAST 1-5 YEARS,Nominal,Input,8,Right,F1,F1
Q18A_1K,747,Q18A. When did you first have broadband at home? (This may have been at a previous address): LAST 6-10 YEARS,Nominal,Input,8,Right,F1,F1
Q18A_1L,748,Q18A. When did you first have broadband at home? (This may have been at a previous address): OVER 10 YEARS AGO,Nominal,Input,8,Right,F1,F1
Q18A_2A,749,Q18A. When did you first have broadband at home? (This may have been at a previous address): In the last 3 months,Nominal,Input,8,Right,F1,F1
Q18A_2B,750,Q18A. When did you first have broadband at home? (This may have been at a previous address): In the last 4-6 months,Nominal,Input,8,Right,F1,F1
Q18A_2C,751,Q18A. When did you first have broadband at home? (This may have been at a previous address): In the last 7-12 months,Nominal,Input,8,Right,F1,F1
Q18A_2D,752,Q18A. When did you first have broadband at home? (This may have been at a previous address): In the last 1-2 years,Nominal,Input,8,Right,F1,F1
Q18A_2E,753,Q18A. When did you first have broadband at home? (This may have been at a previous address): In the last 3-5 years,Nominal,Input,8,Right,F1,F1
Q18A_2F,754,Q18A. When did you first have broadband at home? (This may have been at a previous address): In the last 6-10 years,Nominal,Input,8,Right,F1,F1
Q18A_2G,755,Q18A. When did you first have broadband at home? (This may have been at a previous address): Over 10 years ago,Nominal,Input,8,Right,F1,F1
Q18A_2H,756,Q18A. When did you first have broadband at home? (This may have been at a previous address): Don’t know,Nominal,Input,8,Right,F1,F1
Q18A_2I,757,Q18A. When did you first have broadband at home? (This may have been at a previous address): LAST 12 MONTHS,Nominal,Input,8,Right,F1,F1
Q18A_2J,758,Q18A. When did you first have broadband at home? (This may have been at a previous address): LAST 1-5 YEARS,Nominal,Input,8,Right,F1,F1
Q18A_2K,759,Q18A. When did you first have broadband at home? (This may have been at a previous address): LAST 6-10 YEARS,Nominal,Input,8,Right,F1,F1
Q18A_2L,760,Q18A. When did you first have broadband at home? (This may have been at a previous address): OVER 10 YEARS AGO,Nominal,Input,8,Right,F1,F1
Q18A_3A,761,Q18A. When did you first have broadband at home? (This may have been at a previous address): In the last 3 months,Nominal,Input,8,Right,F1,F1
Q18A_3B,762,Q18A. When did you first have broadband at home? (This may have been at a previous address): In the last 4-6 months,Nominal,Input,8,Right,F1,F1
Q18A_3C,763,Q18A. When did you first have broadband at home? (This may have been at a previous address): In the last 7-12 months,Nominal,Input,8,Right,F1,F1
Q18A_3D,764,Q18A. When did you first have broadband at home? (This may have been at a previous address): In the last 1-2 years,Nominal,Input,8,Right,F1,F1
Q18A_3E,765,Q18A. When did you first have broadband at home? (This may have been at a previous address): In the last 3-5 years,Nominal,Input,8,Right,F1,F1
Q18A_3F,766,Q18A. When did you first have broadband at home? (This may have been at a previous address): In the last 6-10 years,Nominal,Input,8,Right,F1,F1
Q18A_3G,767,Q18A. When did you first have broadband at home? (This may have been at a previous address): Over 10 years ago,Nominal,Input,8,Right,F1,F1
Q18A_3H,768,Q18A. When did you first have broadband at home? (This may have been at a previous address): Don’t know,Nominal,Input,8,Right,F1,F1
Q18A_3I,769,Q18A. When did you first have broadband at home? (This may have been at a previous address): LAST 12 MONTHS,Nominal,Input,8,Right,F1,F1
Q18A_3J,770,Q18A. When did you first have broadband at home? (This may have been at a previous address): LAST 1-5 YEARS,Nominal,Input,8,Right,F1,F1
Q18A_3K,771,Q18A. When did you first have broadband at home? (This may have been at a previous address): LAST 6-10 YEARS,Nominal,Input,8,Right,F1,F1
Q18A_3L,772,Q18A. When did you first have broadband at home? (This may have been at a previous address): OVER 10 YEARS AGO,Nominal,Input,8,Right,F1,F1
Q18A_4A,773,Q18A. When did you first have broadband at home? (This may have been at a previous address): In the last 3 months,Nominal,Input,8,Right,F1,F1
Q18A_4B,774,Q18A. When did you first have broadband at home? (This may have been at a previous address): In the last 4-6 months,Nominal,Input,8,Right,F1,F1
Q18A_4C,775,Q18A. When did you first have broadband at home? (This may have been at a previous address): In the last 7-12 months,Nominal,Input,8,Right,F1,F1
Q18A_4D,776,Q18A. When did you first have broadband at home? (This may have been at a previous address): In the last 1-2 years,Nominal,Input,8,Right,F1,F1
Q18A_4E,777,Q18A. When did you first have broadband at home? (This may have been at a previous address): In the last 3-5 years,Nominal,Input,8,Right,F1,F1
Q18A_4F,778,Q18A. When did you first have broadband at home? (This may have been at a previous address): In the last 6-10 years,Nominal,Input,8,Right,F1,F1
Q18A_4G,779,Q18A. When did you first have broadband at home? (This may have been at a previous address): Over 10 years ago,Nominal,Input,8,Right,F1,F1
Q18A_4H,780,Q18A. When did you first have broadband at home? (This may have been at a previous address): Don’t know,Nominal,Input,8,Right,F1,F1
Q18A_4I,781,Q18A. When did you first have broadband at home? (This may have been at a previous address): LAST 12 MONTHS,Nominal,Input,8,Right,F1,F1
Q18A_4J,782,Q18A. When did you first have broadband at home? (This may have been at a previous address): LAST 1-5 YEARS,Nominal,Input,8,Right,F1,F1
Q18A_4K,783,Q18A. When did you first have broadband at home? (This may have been at a previous address): LAST 6-10 YEARS,Nominal,Input,8,Right,F1,F1
Q18A_4L,784,Q18A. When did you first have broadband at home? (This may have been at a previous address): OVER 10 YEARS AGO,Nominal,Input,8,Right,F1,F1
Q18A_5A,785,Q18A. When did you first have broadband at home? (This may have been at a previous address): In the last 3 months,Nominal,Input,8,Right,F1,F1
Q18A_5B,786,Q18A. When did you first have broadband at home? (This may have been at a previous address): In the last 4-6 months,Nominal,Input,8,Right,F1,F1
Q18A_5C,787,Q18A. When did you first have broadband at home? (This may have been at a previous address): In the last 7-12 months,Nominal,Input,8,Right,F1,F1
Q18A_5D,788,Q18A. When did you first have broadband at home? (This may have been at a previous address): In the last 1-2 years,Nominal,Input,8,Right,F1,F1
Q18A_5E,789,Q18A. When did you first have broadband at home? (This may have been at a previous address): In the last 3-5 years,Nominal,Input,8,Right,F1,F1
Q18A_5F,790,Q18A. When did you first have broadband at home? (This may have been at a previous address): In the last 6-10 years,Nominal,Input,8,Right,F1,F1
Q18A_5G,791,Q18A. When did you first have broadband at home? (This may have been at a previous address): Over 10 years ago,Nominal,Input,8,Right,F1,F1
Q18A_5H,792,Q18A. When did you first have broadband at home? (This may have been at a previous address): Don’t know,Nominal,Input,8,Right,F1,F1
Q18A_5I,793,Q18A. When did you first have broadband at home? (This may have been at a previous address): LAST 12 MONTHS,Nominal,Input,8,Right,F1,F1
Q18A_5J,794,Q18A. When did you first have broadband at home? (This may have been at a previous address): LAST 1-5 YEARS,Nominal,Input,8,Right,F1,F1
Q18A_5K,795,Q18A. When did you first have broadband at home? (This may have been at a previous address): LAST 6-10 YEARS,Nominal,Input,8,Right,F1,F1
Q18A_5L,796,Q18A. When did you first have broadband at home? (This may have been at a previous address): OVER 10 YEARS AGO,Nominal,Input,8,Right,F1,F1
Q18A_6A,797,Q18A. When did you first have broadband at home? (This may have been at a previous address): In the last 3 months,Nominal,Input,8,Right,F1,F1
Q18A_6B,798,Q18A. When did you first have broadband at home? (This may have been at a previous address): In the last 4-6 months,Nominal,Input,8,Right,F1,F1
Q18A_6C,799,Q18A. When did you first have broadband at home? (This may have been at a previous address): In the last 7-12 months,Nominal,Input,8,Right,F1,F1
Q18A_6D,800,Q18A. When did you first have broadband at home? (This may have been at a previous address): In the last 1-2 years,Nominal,Input,8,Right,F1,F1
Q18A_6E,801,Q18A. When did you first have broadband at home? (This may have been at a previous address): In the last 3-5 years,Nominal,Input,8,Right,F1,F1
Q18A_6F,802,Q18A. When did you first have broadband at home? (This may have been at a previous address): In the last 6-10 years,Nominal,Input,8,Right,F1,F1
Q18A_6G,803,Q18A. When did you first have broadband at home? (This may have been at a previous address): Over 10 years ago,Nominal,Input,8,Right,F1,F1
Q18A_6H,804,Q18A. When did you first have broadband at home? (This may have been at a previous address): Don’t know,Nominal,Input,8,Right,F1,F1
Q18A_6I,805,Q18A. When did you first have broadband at home? (This may have been at a previous address): LAST 12 MONTHS,Nominal,Input,8,Right,F1,F1
Q18A_6J,806,Q18A. When did you first have broadband at home? (This may have been at a previous address): LAST 1-5 YEARS,Nominal,Input,8,Right,F1,F1
Q18A_6K,807,Q18A. When did you first have broadband at home? (This may have been at a previous address): LAST 6-10 YEARS,Nominal,Input,8,Right,F1,F1
Q18A_6L,808,Q18A. When did you first have broadband at home? (This may have been at a previous address): OVER 10 YEARS AGO,Nominal,Input,8,Right,F1,F1
Q19_1,809,"Q19. In the last 12 months, has (PROVIDER) offered to move your landline service to a VoIP landline service, often called digital voice? This would mean your landline service would be delivered through a broadband connection, and you plug your handset i...",Nominal,Input,8,Right,F1,F1
Q19_2,810,"Q19. In the last 12 months, has (PROVIDER) offered to move your landline service to a VoIP landline service, often called digital voice? This would mean your landline service would be delivered through a broadband connection, and you plug your handset i...",Nominal,Input,8,Right,F1,F1
Q19_3,811,"Q19. In the last 12 months, has (PROVIDER) offered to move your landline service to a VoIP landline service, often called digital voice? This would mean your landline service would be delivered through a broadband connection, and you plug your handset i...",Nominal,Input,8,Right,F1,F1
Q19_4,812,"Q19. In the last 12 months, has (PROVIDER) offered to move your landline service to a VoIP landline service, often called digital voice? This would mean your landline service would be delivered through a broadband connection, and you plug your handset i...",Nominal,Input,8,Right,F1,F1
Q19_5,813,"Q19. In the last 12 months, has (PROVIDER) offered to move your landline service to a VoIP landline service, often called digital voice? This would mean your landline service would be delivered through a broadband connection, and you plug your handset i...",Nominal,Input,8,Right,F1,F1
Q19_6,814,"Q19. In the last 12 months, has (PROVIDER) offered to move your landline service to a VoIP landline service, often called digital voice? This would mean your landline service would be delivered through a broadband connection, and you plug your handset i...",Nominal,Input,8,Right,F1,F1
Q20_1A,815,Q20. How satisfied are you with the overall service provided by (PROVIDER) for your (SERVICE/S)?: Very satisfied,Nominal,Input,8,Right,F1,F1
Q20_1B,816,Q20. How satisfied are you with the overall service provided by (PROVIDER) for your (SERVICE/S)?: Fairly satisfied,Nominal,Input,8,Right,F1,F1
Q20_1C,817,Q20. How satisfied are you with the overall service provided by (PROVIDER) for your (SERVICE/S)?: Neither satisfied nor dissatisfied,Nominal,Input,8,Right,F1,F1
Q20_1D,818,Q20. How satisfied are you with the overall service provided by (PROVIDER) for your (SERVICE/S)?: Fairly dissatisfied,Nominal,Input,8,Right,F1,F1
Q20_1E,819,Q20. How satisfied are you with the overall service provided by (PROVIDER) for your (SERVICE/S)?: Very dissatisfied,Nominal,Input,8,Right,F1,F1
Q20_1F,820,Q20. How satisfied are you with the overall service provided by (PROVIDER) for your (SERVICE/S)?: Don’t know,Nominal,Input,8,Right,F1,F1
Q20_1G,821,Q20. How satisfied are you with the overall service provided by (PROVIDER) for your (SERVICE/S)?: TOTAL SATISFIED,Nominal,Input,8,Right,F1,F1
Q20_1H,822,Q20. How satisfied are you with the overall service provided by (PROVIDER) for your (SERVICE/S)?: TOTAL DISSATISFIED,Nominal,Input,8,Right,F1,F1
Q20_2A,823,Q20. How satisfied are you with the overall service provided by (PROVIDER) for your (SERVICE/S)?: Very satisfied,Nominal,Input,8,Right,F1,F1
Q20_2B,824,Q20. How satisfied are you with the overall service provided by (PROVIDER) for your (SERVICE/S)?: Fairly satisfied,Nominal,Input,8,Right,F1,F1
Q20_2C,825,Q20. How satisfied are you with the overall service provided by (PROVIDER) for your (SERVICE/S)?: Neither satisfied nor dissatisfied,Nominal,Input,8,Right,F1,F1
Q20_2D,826,Q20. How satisfied are you with the overall service provided by (PROVIDER) for your (SERVICE/S)?: Fairly dissatisfied,Nominal,Input,8,Right,F1,F1
Q20_2E,827,Q20. How satisfied are you with the overall service provided by (PROVIDER) for your (SERVICE/S)?: Very dissatisfied,Nominal,Input,8,Right,F1,F1
Q20_2F,828,Q20. How satisfied are you with the overall service provided by (PROVIDER) for your (SERVICE/S)?: Don’t know,Nominal,Input,8,Right,F1,F1
Q20_2G,829,Q20. How satisfied are you with the overall service provided by (PROVIDER) for your (SERVICE/S)?: TOTAL SATISFIED,Nominal,Input,8,Right,F1,F1
Q20_2H,830,Q20. How satisfied are you with the overall service provided by (PROVIDER) for your (SERVICE/S)?: TOTAL DISSATISFIED,Nominal,Input,8,Right,F1,F1
Q20_3A,831,Q20. How satisfied are you with the overall service provided by (PROVIDER) for your (SERVICE/S)?: Very satisfied,Nominal,Input,8,Right,F1,F1
Q20_3B,832,Q20. How satisfied are you with the overall service provided by (PROVIDER) for your (SERVICE/S)?: Fairly satisfied,Nominal,Input,8,Right,F1,F1
Q20_3C,833,Q20. How satisfied are you with the overall service provided by (PROVIDER) for your (SERVICE/S)?: Neither satisfied nor dissatisfied,Nominal,Input,8,Right,F1,F1
Q20_3D,834,Q20. How satisfied are you with the overall service provided by (PROVIDER) for your (SERVICE/S)?: Fairly dissatisfied,Nominal,Input,8,Right,F1,F1
Q20_3E,835,Q20. How satisfied are you with the overall service provided by (PROVIDER) for your (SERVICE/S)?: Very dissatisfied,Nominal,Input,8,Right,F1,F1
Q20_3F,836,Q20. How satisfied are you with the overall service provided by (PROVIDER) for your (SERVICE/S)?: Don’t know,Nominal,Input,8,Right,F1,F1
Q20_3G,837,Q20. How satisfied are you with the overall service provided by (PROVIDER) for your (SERVICE/S)?: TOTAL SATISFIED,Nominal,Input,8,Right,F1,F1
Q20_3H,838,Q20. How satisfied are you with the overall service provided by (PROVIDER) for your (SERVICE/S)?: TOTAL DISSATISFIED,Nominal,Input,8,Right,F1,F1
Q20_4A,839,Q20. How satisfied are you with the overall service provided by (PROVIDER) for your (SERVICE/S)?: Very satisfied,Nominal,Input,8,Right,F1,F1
Q20_4B,840,Q20. How satisfied are you with the overall service provided by (PROVIDER) for your (SERVICE/S)?: Fairly satisfied,Nominal,Input,8,Right,F1,F1
Q20_4C,841,Q20. How satisfied are you with the overall service provided by (PROVIDER) for your (SERVICE/S)?: Neither satisfied nor dissatisfied,Nominal,Input,8,Right,F1,F1
Q20_4D,842,Q20. How satisfied are you with the overall service provided by (PROVIDER) for your (SERVICE/S)?: Fairly dissatisfied,Nominal,Input,8,Right,F1,F1
Q20_4E,843,Q20. How satisfied are you with the overall service provided by (PROVIDER) for your (SERVICE/S)?: Very dissatisfied,Nominal,Input,8,Right,F1,F1
Q20_4F,844,Q20. How satisfied are you with the overall service provided by (PROVIDER) for your (SERVICE/S)?: Don’t know,Nominal,Input,8,Right,F1,F1
Q20_4G,845,Q20. How satisfied are you with the overall service provided by (PROVIDER) for your (SERVICE/S)?: TOTAL SATISFIED,Nominal,Input,8,Right,F1,F1
Q20_4H,846,Q20. How satisfied are you with the overall service provided by (PROVIDER) for your (SERVICE/S)?: TOTAL DISSATISFIED,Nominal,Input,8,Right,F1,F1
Q20_5A,847,Q20. How satisfied are you with the overall service provided by (PROVIDER) for your (SERVICE/S)?: Very satisfied,Nominal,Input,8,Right,F1,F1
Q20_5B,848,Q20. How satisfied are you with the overall service provided by (PROVIDER) for your (SERVICE/S)?: Fairly satisfied,Nominal,Input,8,Right,F1,F1
Q20_5C,849,Q20. How satisfied are you with the overall service provided by (PROVIDER) for your (SERVICE/S)?: Neither satisfied nor dissatisfied,Nominal,Input,8,Right,F1,F1
Q20_5D,850,Q20. How satisfied are you with the overall service provided by (PROVIDER) for your (SERVICE/S)?: Fairly dissatisfied,Nominal,Input,8,Right,F1,F1
Q20_5E,851,Q20. How satisfied are you with the overall service provided by (PROVIDER) for your (SERVICE/S)?: Very dissatisfied,Nominal,Input,8,Right,F1,F1
Q20_5F,852,Q20. How satisfied are you with the overall service provided by (PROVIDER) for your (SERVICE/S)?: Don’t know,Nominal,Input,8,Right,F1,F1
Q20_5G,853,Q20. How satisfied are you with the overall service provided by (PROVIDER) for your (SERVICE/S)?: TOTAL SATISFIED,Nominal,Input,8,Right,F1,F1
Q20_5H,854,Q20. How satisfied are you with the overall service provided by (PROVIDER) for your (SERVICE/S)?: TOTAL DISSATISFIED,Nominal,Input,8,Right,F1,F1
Q20_6A,855,Q20. How satisfied are you with the overall service provided by (PROVIDER) for your (SERVICE/S)?: Very satisfied,Nominal,Input,8,Right,F1,F1
Q20_6B,856,Q20. How satisfied are you with the overall service provided by (PROVIDER) for your (SERVICE/S)?: Fairly satisfied,Nominal,Input,8,Right,F1,F1
Q20_6C,857,Q20. How satisfied are you with the overall service provided by (PROVIDER) for your (SERVICE/S)?: Neither satisfied nor dissatisfied,Nominal,Input,8,Right,F1,F1
Q20_6D,858,Q20. How satisfied are you with the overall service provided by (PROVIDER) for your (SERVICE/S)?: Fairly dissatisfied,Nominal,Input,8,Right,F1,F1
Q20_6E,859,Q20. How satisfied are you with the overall service provided by (PROVIDER) for your (SERVICE/S)?: Very dissatisfied,Nominal,Input,8,Right,F1,F1
Q20_6F,860,Q20. How satisfied are you with the overall service provided by (PROVIDER) for your (SERVICE/S)?: Don’t know,Nominal,Input,8,Right,F1,F1
Q20_6G,861,Q20. How satisfied are you with the overall service provided by (PROVIDER) for your (SERVICE/S)?: TOTAL SATISFIED,Nominal,Input,8,Right,F1,F1
Q20_6H,862,Q20. How satisfied are you with the overall service provided by (PROVIDER) for your (SERVICE/S)?: TOTAL DISSATISFIED,Nominal,Input,8,Right,F1,F1
Q21_1,863,Q21. Which one of these best describes your current thinking about your (SERVICE/S) from (PROVIDER)? Are you...,Nominal,Input,8,Right,F1,F1
Q21_2,864,Q21. Which one of these best describes your current thinking about your (SERVICE/S) from (PROVIDER)? Are you...,Nominal,Input,8,Right,F1,F1
Q21_3,865,Q21. Which one of these best describes your current thinking about your (SERVICE/S) from (PROVIDER)? Are you...,Nominal,Input,8,Right,F1,F1
Q21_4,866,Q21. Which one of these best describes your current thinking about your (SERVICE/S) from (PROVIDER)? Are you...,Nominal,Input,8,Right,F1,F1
Q21_5,867,Q21. Which one of these best describes your current thinking about your (SERVICE/S) from (PROVIDER)? Are you...,Nominal,Input,8,Right,F1,F1
Q21_6,868,Q21. Which one of these best describes your current thinking about your (SERVICE/S) from (PROVIDER)? Are you...,Nominal,Input,8,Right,F1,F1
Q22_1A,869,"Q22. Are you looking for a new deal for all of the services in the package, or only some services? Which services?: Landline phone service",Nominal,Input,8,Right,F1,F1
Q22_1B,870,"Q22. Are you looking for a new deal for all of the services in the package, or only some services? Which services?: Mobile phone",Nominal,Input,8,Right,F1,F1
Q22_1C,871,"Q22. Are you looking for a new deal for all of the services in the package, or only some services? Which services?: Fixed broadband internet access (through a phone line, fibre connection or cable service, perhaps using a wi-fi router)",Nominal,Input,8,Right,F1,F1
Q22_1D,872,"Q22. Are you looking for a new deal for all of the services in the package, or only some services? Which services?: TV service",Nominal,Input,8,Right,F1,F1
Q22_1E,873,"Q22. Are you looking for a new deal for all of the services in the package, or only some services? Which services?: All services in this package",Nominal,Input,8,Right,F1,F1
Q22_1F,874,"Q22. Are you looking for a new deal for all of the services in the package, or only some services? Which services?: Don’t know",Nominal,Input,8,Right,F1,F1
Q22_2A,875,"Q22. Are you looking for a new deal for all of the services in the package, or only some services? Which services?: Landline phone service",Nominal,Input,8,Right,F1,F1
Q22_2B,876,"Q22. Are you looking for a new deal for all of the services in the package, or only some services? Which services?: Mobile phone",Nominal,Input,8,Right,F1,F1
Q22_2C,877,"Q22. Are you looking for a new deal for all of the services in the package, or only some services? Which services?: Fixed broadband internet access (through a phone line, fibre connection or cable service, perhaps using a wi-fi router)",Nominal,Input,8,Right,F1,F1
Q22_2D,878,"Q22. Are you looking for a new deal for all of the services in the package, or only some services? Which services?: TV service",Nominal,Input,8,Right,F1,F1
Q22_2E,879,"Q22. Are you looking for a new deal for all of the services in the package, or only some services? Which services?: All services in this package",Nominal,Input,8,Right,F1,F1
Q22_2F,880,"Q22. Are you looking for a new deal for all of the services in the package, or only some services? Which services?: Don’t know",Nominal,Input,8,Right,F1,F1
Q22_3A,881,"Q22. Are you looking for a new deal for all of the services in the package, or only some services? Which services?: Landline phone service",Nominal,Input,8,Right,F1,F1
Q22_3B,882,"Q22. Are you looking for a new deal for all of the services in the package, or only some services? Which services?: Mobile phone",Nominal,Input,8,Right,F1,F1
Q22_3C,883,"Q22. Are you looking for a new deal for all of the services in the package, or only some services? Which services?: Fixed broadband internet access (through a phone line, fibre connection or cable service, perhaps using a wi-fi router)",Nominal,Input,8,Right,F1,F1
Q22_3D,884,"Q22. Are you looking for a new deal for all of the services in the package, or only some services? Which services?: TV service",Nominal,Input,8,Right,F1,F1
Q22_3E,885,"Q22. Are you looking for a new deal for all of the services in the package, or only some services? Which services?: All services in this package",Nominal,Input,8,Right,F1,F1
Q22_3F,886,"Q22. Are you looking for a new deal for all of the services in the package, or only some services? Which services?: Don’t know",Nominal,Input,8,Right,F1,F1
Q22_4A,887,"Q22. Are you looking for a new deal for all of the services in the package, or only some services? Which services?: Landline phone service",Nominal,Input,8,Right,F1,F1
Q22_4B,888,"Q22. Are you looking for a new deal for all of the services in the package, or only some services? Which services?: Mobile phone",Nominal,Input,8,Right,F1,F1
Q22_4C,889,"Q22. Are you looking for a new deal for all of the services in the package, or only some services? Which services?: Fixed broadband internet access (through a phone line, fibre connection or cable service, perhaps using a wi-fi router)",Nominal,Input,8,Right,F1,F1
Q22_4D,890,"Q22. Are you looking for a new deal for all of the services in the package, or only some services? Which services?: TV service",Nominal,Input,8,Right,F1,F1
Q22_4E,891,"Q22. Are you looking for a new deal for all of the services in the package, or only some services? Which services?: All services in this package",Nominal,Input,8,Right,F1,F1
Q22_4F,892,"Q22. Are you looking for a new deal for all of the services in the package, or only some services? Which services?: Don’t know",Nominal,Input,8,Right,F1,F1
Q22_5A,893,"Q22. Are you looking for a new deal for all of the services in the package, or only some services? Which services?: Landline phone service",Nominal,Input,8,Right,F1,F1
Q22_5B,894,"Q22. Are you looking for a new deal for all of the services in the package, or only some services? Which services?: Mobile phone",Nominal,Input,8,Right,F1,F1
Q22_5C,895,"Q22. Are you looking for a new deal for all of the services in the package, or only some services? Which services?: Fixed broadband internet access (through a phone line, fibre connection or cable service, perhaps using a wi-fi router)",Nominal,Input,8,Right,F1,F1
Q22_5D,896,"Q22. Are you looking for a new deal for all of the services in the package, or only some services? Which services?: TV service",Nominal,Input,8,Right,F1,F1
Q22_5E,897,"Q22. Are you looking for a new deal for all of the services in the package, or only some services? Which services?: All services in this package",Nominal,Input,8,Right,F1,F1
Q22_5F,898,"Q22. Are you looking for a new deal for all of the services in the package, or only some services? Which services?: Don’t know",Nominal,Input,8,Right,F1,F1
Q22_6A,899,"Q22. Are you looking for a new deal for all of the services in the package, or only some services? Which services?: Landline phone service",Nominal,Input,8,Right,F1,F1
Q22_6B,900,"Q22. Are you looking for a new deal for all of the services in the package, or only some services? Which services?: Mobile phone",Nominal,Input,8,Right,F1,F1
Q22_6C,901,"Q22. Are you looking for a new deal for all of the services in the package, or only some services? Which services?: Fixed broadband internet access (through a phone line, fibre connection or cable service, perhaps using a wi-fi router)",Nominal,Input,8,Right,F1,F1
Q22_6D,902,"Q22. Are you looking for a new deal for all of the services in the package, or only some services? Which services?: TV service",Nominal,Input,8,Right,F1,F1
Q22_6E,903,"Q22. Are you looking for a new deal for all of the services in the package, or only some services? Which services?: All services in this package",Nominal,Input,8,Right,F1,F1
Q22_6F,904,"Q22. Are you looking for a new deal for all of the services in the package, or only some services? Which services?: Don’t know",Nominal,Input,8,Right,F1,F1
Q23_1A,905,"Q23. Thinking about your current provider for your (SERVICE/S), in the last twelve months have you...: Discussed deals or offers with your provider",Nominal,Input,8,Right,F1,F1
Q23_1B,906,"Q23. Thinking about your current provider for your (SERVICE/S), in the last twelve months have you...: Looked at alternative deals or offers from your provider",Nominal,Input,8,Right,F1,F1
Q23_1C,907,"Q23. Thinking about your current provider for your (SERVICE/S), in the last twelve months have you...: Received a discount from your provider",Nominal,Input,8,Right,F1,F1
Q23_1D,908,"Q23. Thinking about your current provider for your (SERVICE/S), in the last twelve months have you...: Added extra or improved services with your provider (e.g. added channels or services to your TV package, moved to a faster broadband speed package or ...",Nominal,Input,8,Right,F1,F1
Q23_1E,909,"Q23. Thinking about your current provider for your (SERVICE/S), in the last twelve months have you...: Reduced or downgraded services with your provider (e.g. removed channels or services from your TV package, moved to a slower broadband speed package o...",Nominal,Input,8,Right,F1,F1
Q23_1F,910,"Q23. Thinking about your current provider for your (SERVICE/S), in the last twelve months have you...: None of these",Nominal,Input,8,Right,F1,F1
Q23_1G,911,"Q23. Thinking about your current provider for your (SERVICE/S), in the last twelve months have you...: ANY CHANGE",Nominal,Input,8,Right,F1,F1
Q23_2A,912,"Q23. Thinking about your current provider for your (SERVICE/S), in the last twelve months have you...: Discussed deals or offers with your provider",Nominal,Input,8,Right,F1,F1
Q23_2B,913,"Q23. Thinking about your current provider for your (SERVICE/S), in the last twelve months have you...: Looked at alternative deals or offers from your provider",Nominal,Input,8,Right,F1,F1
Q23_2C,914,"Q23. Thinking about your current provider for your (SERVICE/S), in the last twelve months have you...: Received a discount from your provider",Nominal,Input,8,Right,F1,F1
Q23_2D,915,"Q23. Thinking about your current provider for your (SERVICE/S), in the last twelve months have you...: Added extra or improved services with your provider (e.g. added channels or services to your TV package, moved to a faster broadband speed package or ...",Nominal,Input,8,Right,F1,F1
Q23_2E,916,"Q23. Thinking about your current provider for your (SERVICE/S), in the last twelve months have you...: Reduced or downgraded services with your provider (e.g. removed channels or services from your TV package, moved to a slower broadband speed package o...",Nominal,Input,8,Right,F1,F1
Q23_2F,917,"Q23. Thinking about your current provider for your (SERVICE/S), in the last twelve months have you...: None of these",Nominal,Input,8,Right,F1,F1
Q23_2G,918,"Q23. Thinking about your current provider for your (SERVICE/S), in the last twelve months have you...: ANY CHANGE",Nominal,Input,8,Right,F1,F1
Q23_3A,919,"Q23. Thinking about your current provider for your (SERVICE/S), in the last twelve months have you...: Discussed deals or offers with your provider",Nominal,Input,8,Right,F1,F1
Q23_3B,920,"Q23. Thinking about your current provider for your (SERVICE/S), in the last twelve months have you...: Looked at alternative deals or offers from your provider",Nominal,Input,8,Right,F1,F1
Q23_3C,921,"Q23. Thinking about your current provider for your (SERVICE/S), in the last twelve months have you...: Received a discount from your provider",Nominal,Input,8,Right,F1,F1
Q23_3D,922,"Q23. Thinking about your current provider for your (SERVICE/S), in the last twelve months have you...: Added extra or improved services with your provider (e.g. added channels or services to your TV package, moved to a faster broadband speed package or ...",Nominal,Input,8,Right,F1,F1
Q23_3E,923,"Q23. Thinking about your current provider for your (SERVICE/S), in the last twelve months have you...: Reduced or downgraded services with your provider (e.g. removed channels or services from your TV package, moved to a slower broadband speed package o...",Nominal,Input,8,Right,F1,F1
Q23_3F,924,"Q23. Thinking about your current provider for your (SERVICE/S), in the last twelve months have you...: None of these",Nominal,Input,8,Right,F1,F1
Q23_3G,925,"Q23. Thinking about your current provider for your (SERVICE/S), in the last twelve months have you...: ANY CHANGE",Nominal,Input,8,Right,F1,F1
Q23_4A,926,"Q23. Thinking about your current provider for your (SERVICE/S), in the last twelve months have you...: Discussed deals or offers with your provider",Nominal,Input,8,Right,F1,F1
Q23_4B,927,"Q23. Thinking about your current provider for your (SERVICE/S), in the last twelve months have you...: Looked at alternative deals or offers from your provider",Nominal,Input,8,Right,F1,F1
Q23_4C,928,"Q23. Thinking about your current provider for your (SERVICE/S), in the last twelve months have you...: Received a discount from your provider",Nominal,Input,8,Right,F1,F1
Q23_4D,929,"Q23. Thinking about your current provider for your (SERVICE/S), in the last twelve months have you...: Added extra or improved services with your provider (e.g. added channels or services to your TV package, moved to a faster broadband speed package or ...",Nominal,Input,8,Right,F1,F1
Q23_4E,930,"Q23. Thinking about your current provider for your (SERVICE/S), in the last twelve months have you...: Reduced or downgraded services with your provider (e.g. removed channels or services from your TV package, moved to a slower broadband speed package o...",Nominal,Input,8,Right,F1,F1
Q23_4F,931,"Q23. Thinking about your current provider for your (SERVICE/S), in the last twelve months have you...: None of these",Nominal,Input,8,Right,F1,F1
Q23_4G,932,"Q23. Thinking about your current provider for your (SERVICE/S), in the last twelve months have you...: ANY CHANGE",Nominal,Input,8,Right,F1,F1
Q23_5A,933,"Q23. Thinking about your current provider for your (SERVICE/S), in the last twelve months have you...: Discussed deals or offers with your provider",Nominal,Input,8,Right,F1,F1
Q23_5B,934,"Q23. Thinking about your current provider for your (SERVICE/S), in the last twelve months have you...: Looked at alternative deals or offers from your provider",Nominal,Input,8,Right,F1,F1
Q23_5C,935,"Q23. Thinking about your current provider for your (SERVICE/S), in the last twelve months have you...: Received a discount from your provider",Nominal,Input,8,Right,F1,F1
Q23_5D,936,"Q23. Thinking about your current provider for your (SERVICE/S), in the last twelve months have you...: Added extra or improved services with your provider (e.g. added channels or services to your TV package, moved to a faster broadband speed package or ...",Nominal,Input,8,Right,F1,F1
Q23_5E,937,"Q23. Thinking about your current provider for your (SERVICE/S), in the last twelve months have you...: Reduced or downgraded services with your provider (e.g. removed channels or services from your TV package, moved to a slower broadband speed package o...",Nominal,Input,8,Right,F1,F1
Q23_5F,938,"Q23. Thinking about your current provider for your (SERVICE/S), in the last twelve months have you...: None of these",Nominal,Input,8,Right,F1,F1
Q23_5G,939,"Q23. Thinking about your current provider for your (SERVICE/S), in the last twelve months have you...: ANY CHANGE",Nominal,Input,8,Right,F1,F1
Q23_6A,940,"Q23. Thinking about your current provider for your (SERVICE/S), in the last twelve months have you...: Discussed deals or offers with your provider",Nominal,Input,8,Right,F1,F1
Q23_6B,941,"Q23. Thinking about your current provider for your (SERVICE/S), in the last twelve months have you...: Looked at alternative deals or offers from your provider",Nominal,Input,8,Right,F1,F1
Q23_6C,942,"Q23. Thinking about your current provider for your (SERVICE/S), in the last twelve months have you...: Received a discount from your provider",Nominal,Input,8,Right,F1,F1
Q23_6D,943,"Q23. Thinking about your current provider for your (SERVICE/S), in the last twelve months have you...: Added extra or improved services with your provider (e.g. added channels or services to your TV package, moved to a faster broadband speed package or ...",Nominal,Input,8,Right,F1,F1
Q23_6E,944,"Q23. Thinking about your current provider for your (SERVICE/S), in the last twelve months have you...: Reduced or downgraded services with your provider (e.g. removed channels or services from your TV package, moved to a slower broadband speed package o...",Nominal,Input,8,Right,F1,F1
Q23_6F,945,"Q23. Thinking about your current provider for your (SERVICE/S), in the last twelve months have you...: None of these",Nominal,Input,8,Right,F1,F1
Q23_6G,946,"Q23. Thinking about your current provider for your (SERVICE/S), in the last twelve months have you...: ANY CHANGE",Nominal,Input,8,Right,F1,F1
Q24_1,947,Q24. Did you contact your provider to receive a discount or did they contact you?,Nominal,Input,8,Right,F1,F1
Q24_2,948,Q24. Did you contact your provider to receive a discount or did they contact you?,Nominal,Input,8,Right,F1,F1
Q24_3,949,Q24. Did you contact your provider to receive a discount or did they contact you?,Nominal,Input,8,Right,F1,F1
Q24_4,950,Q24. Did you contact your provider to receive a discount or did they contact you?,Nominal,Input,8,Right,F1,F1
Q24_5,951,Q24. Did you contact your provider to receive a discount or did they contact you?,Nominal,Input,8,Right,F1,F1
Q24_6,952,Q24. Did you contact your provider to receive a discount or did they contact you?,Nominal,Input,8,Right,F1,F1
Q24A_1,953,Q24A. Did you extend or renew your contract with (PROVIDER) at the same time as you received this discount for your (SERVICE/S)?,Nominal,Input,8,Right,F1,F1
Q24A_2,954,Q24A. Did you extend or renew your contract with (PROVIDER) at the same time as you received this discount for your (SERVICE/S)?,Nominal,Input,8,Right,F1,F1
Q24A_3,955,Q24A. Did you extend or renew your contract with (PROVIDER) at the same time as you received this discount for your (SERVICE/S)?,Nominal,Input,8,Right,F1,F1
Q24A_4,956,Q24A. Did you extend or renew your contract with (PROVIDER) at the same time as you received this discount for your (SERVICE/S)?,Nominal,Input,8,Right,F1,F1
Q24A_5,957,Q24A. Did you extend or renew your contract with (PROVIDER) at the same time as you received this discount for your (SERVICE/S)?,Nominal,Input,8,Right,F1,F1
Q24A_6,958,Q24A. Did you extend or renew your contract with (PROVIDER) at the same time as you received this discount for your (SERVICE/S)?,Nominal,Input,8,Right,F1,F1
Q25_1,959,Q25. Did you contact your provider to add extra or improved services or did they contact you?,Nominal,Input,8,Right,F1,F1
Q25_2,960,Q25. Did you contact your provider to add extra or improved services or did they contact you?,Nominal,Input,8,Right,F1,F1
Q25_3,961,Q25. Did you contact your provider to add extra or improved services or did they contact you?,Nominal,Input,8,Right,F1,F1
Q25_4,962,Q25. Did you contact your provider to add extra or improved services or did they contact you?,Nominal,Input,8,Right,F1,F1
Q25_5,963,Q25. Did you contact your provider to add extra or improved services or did they contact you?,Nominal,Input,8,Right,F1,F1
Q25_6,964,Q25. Did you contact your provider to add extra or improved services or did they contact you?,Nominal,Input,8,Right,F1,F1
Q26_1,965,Q26. Did you contact your provider to reduce or downgrade services or did they contact you?,Nominal,Input,8,Right,F1,F1
Q26_2,966,Q26. Did you contact your provider to reduce or downgrade services or did they contact you?,Nominal,Input,8,Right,F1,F1
Q26_3,967,Q26. Did you contact your provider to reduce or downgrade services or did they contact you?,Nominal,Input,8,Right,F1,F1
Q26_4,968,Q26. Did you contact your provider to reduce or downgrade services or did they contact you?,Nominal,Input,8,Right,F1,F1
Q26_5,969,Q26. Did you contact your provider to reduce or downgrade services or did they contact you?,Nominal,Input,8,Right,F1,F1
Q26_6,970,Q26. Did you contact your provider to reduce or downgrade services or did they contact you?,Nominal,Input,8,Right,F1,F1
Q27_1A,971,"Q27. Thinking about other providers of (SERVICES/S)... In the last twelve months, have you...: Discussed deals or offers with any other provider",Nominal,Input,8,Right,F1,F1
Q27_1B,972,"Q27. Thinking about other providers of (SERVICES/S)... In the last twelve months, have you...: Looked at deals or offers from any other provider",Nominal,Input,8,Right,F1,F1
Q27_1C,973,"Q27. Thinking about other providers of (SERVICES/S)... In the last twelve months, have you...: Talked with friends or family for recommendations about providers",Nominal,Input,8,Right,F1,F1
Q27_1D,974,"Q27. Thinking about other providers of (SERVICES/S)... In the last twelve months, have you...: None of these",Nominal,Input,8,Right,F1,F1
Q27_2A,975,"Q27. Thinking about other providers of (SERVICES/S)... In the last twelve months, have you...: Discussed deals or offers with any other provider",Nominal,Input,8,Right,F1,F1
Q27_2B,976,"Q27. Thinking about other providers of (SERVICES/S)... In the last twelve months, have you...: Looked at deals or offers from any other provider",Nominal,Input,8,Right,F1,F1
Q27_2C,977,"Q27. Thinking about other providers of (SERVICES/S)... In the last twelve months, have you...: Talked with friends or family for recommendations about providers",Nominal,Input,8,Right,F1,F1
Q27_2D,978,"Q27. Thinking about other providers of (SERVICES/S)... In the last twelve months, have you...: None of these",Nominal,Input,8,Right,F1,F1
Q27_3A,979,"Q27. Thinking about other providers of (SERVICES/S)... In the last twelve months, have you...: Discussed deals or offers with any other provider",Nominal,Input,8,Right,F1,F1
Q27_3B,980,"Q27. Thinking about other providers of (SERVICES/S)... In the last twelve months, have you...: Looked at deals or offers from any other provider",Nominal,Input,8,Right,F1,F1
Q27_3C,981,"Q27. Thinking about other providers of (SERVICES/S)... In the last twelve months, have you...: Talked with friends or family for recommendations about providers",Nominal,Input,8,Right,F1,F1
Q27_3D,982,"Q27. Thinking about other providers of (SERVICES/S)... In the last twelve months, have you...: None of these",Nominal,Input,8,Right,F1,F1
Q27_4A,983,"Q27. Thinking about other providers of (SERVICES/S)... In the last twelve months, have you...: Discussed deals or offers with any other provider",Nominal,Input,8,Right,F1,F1
Q27_4B,984,"Q27. Thinking about other providers of (SERVICES/S)... In the last twelve months, have you...: Looked at deals or offers from any other provider",Nominal,Input,8,Right,F1,F1
Q27_4C,985,"Q27. Thinking about other providers of (SERVICES/S)... In the last twelve months, have you...: Talked with friends or family for recommendations about providers",Nominal,Input,8,Right,F1,F1
Q27_4D,986,"Q27. Thinking about other providers of (SERVICES/S)... In the last twelve months, have you...: None of these",Nominal,Input,8,Right,F1,F1
Q27_5A,987,"Q27. Thinking about other providers of (SERVICES/S)... In the last twelve months, have you...: Discussed deals or offers with any other provider",Nominal,Input,8,Right,F1,F1
Q27_5B,988,"Q27. Thinking about other providers of (SERVICES/S)... In the last twelve months, have you...: Looked at deals or offers from any other provider",Nominal,Input,8,Right,F1,F1
Q27_5C,989,"Q27. Thinking about other providers of (SERVICES/S)... In the last twelve months, have you...: Talked with friends or family for recommendations about providers",Nominal,Input,8,Right,F1,F1
Q27_5D,990,"Q27. Thinking about other providers of (SERVICES/S)... In the last twelve months, have you...: None of these",Nominal,Input,8,Right,F1,F1
Q27_6A,991,"Q27. Thinking about other providers of (SERVICES/S)... In the last twelve months, have you...: Discussed deals or offers with any other provider",Nominal,Input,8,Right,F1,F1
Q27_6B,992,"Q27. Thinking about other providers of (SERVICES/S)... In the last twelve months, have you...: Looked at deals or offers from any other provider",Nominal,Input,8,Right,F1,F1
Q27_6C,993,"Q27. Thinking about other providers of (SERVICES/S)... In the last twelve months, have you...: Talked with friends or family for recommendations about providers",Nominal,Input,8,Right,F1,F1
Q27_6D,994,"Q27. Thinking about other providers of (SERVICES/S)... In the last twelve months, have you...: None of these",Nominal,Input,8,Right,F1,F1
Q28_1_1,995,Q28. Have you or your household ever changed the company that provides your landline service? IF YES – When did you most recently change provider for your landline service?,Nominal,Input,8,Right,F1,F1
Q28S_1_1A,996,SUMMARY TO SHOW WHEN MOST RECENTLY CHANGED PROVIDER: IN THE LAST 12 MONTHS,Nominal,Input,8,Right,F1,F1
Q28S_1_1B,997,SUMMARY TO SHOW WHEN MOST RECENTLY CHANGED PROVIDER: 13 MONTHS - 2 YEARS AGO,Nominal,Input,8,Right,F1,F1
Q28S_1_1C,998,SUMMARY TO SHOW WHEN MOST RECENTLY CHANGED PROVIDER: OVER 2 YEARS AGO,Nominal,Input,8,Right,F1,F1
Q28S_1_1D,999,SUMMARY TO SHOW WHEN MOST RECENTLY CHANGED PROVIDER: NET: IN THE LAST 2 YEARS,Nominal,Input,8,Right,F1,F1
Q28S_1_1E,1000,SUMMARY TO SHOW WHEN MOST RECENTLY CHANGED PROVIDER: NEVER,Nominal,Input,8,Right,F1,F1
Q28_1_2,1001,Q28. Have you or your household ever changed the company that provides your landline service? IF YES – When did you most recently change provider for your landline service?,Nominal,Input,8,Right,F1,F1
Q28S_1_2A,1002,SUMMARY TO SHOW WHEN MOST RECENTLY CHANGED PROVIDER: IN THE LAST 12 MONTHS,Nominal,Input,8,Right,F1,F1
Q28S_1_2B,1003,SUMMARY TO SHOW WHEN MOST RECENTLY CHANGED PROVIDER: 13 MONTHS - 2 YEARS AGO,Nominal,Input,8,Right,F1,F1
Q28S_1_2C,1004,SUMMARY TO SHOW WHEN MOST RECENTLY CHANGED PROVIDER: OVER 2 YEARS AGO,Nominal,Input,8,Right,F1,F1
Q28S_1_2D,1005,SUMMARY TO SHOW WHEN MOST RECENTLY CHANGED PROVIDER: NET: IN THE LAST 2 YEARS,Nominal,Input,8,Right,F1,F1
Q28S_1_2E,1006,SUMMARY TO SHOW WHEN MOST RECENTLY CHANGED PROVIDER: NEVER,Nominal,Input,8,Right,F1,F1
Q28_1_3,1007,Q28. Have you or your household ever changed the company that provides your landline service? IF YES – When did you most recently change provider for your landline service?,Nominal,Input,8,Right,F1,F1
Q28S_1_3A,1008,SUMMARY TO SHOW WHEN MOST RECENTLY CHANGED PROVIDER: IN THE LAST 12 MONTHS,Nominal,Input,8,Right,F1,F1
Q28S_1_3B,1009,SUMMARY TO SHOW WHEN MOST RECENTLY CHANGED PROVIDER: 13 MONTHS - 2 YEARS AGO,Nominal,Input,8,Right,F1,F1
Q28S_1_3C,1010,SUMMARY TO SHOW WHEN MOST RECENTLY CHANGED PROVIDER: OVER 2 YEARS AGO,Nominal,Input,8,Right,F1,F1
Q28S_1_3D,1011,SUMMARY TO SHOW WHEN MOST RECENTLY CHANGED PROVIDER: NET: IN THE LAST 2 YEARS,Nominal,Input,8,Right,F1,F1
Q28S_1_3E,1012,SUMMARY TO SHOW WHEN MOST RECENTLY CHANGED PROVIDER: NEVER,Nominal,Input,8,Right,F1,F1
Q28_1_4,1013,Q28. Have you or your household ever changed the company that provides your landline service? IF YES – When did you most recently change provider for your landline service?,Nominal,Input,8,Right,F1,F1
Q28S_1_4A,1014,SUMMARY TO SHOW WHEN MOST RECENTLY CHANGED PROVIDER: IN THE LAST 12 MONTHS,Nominal,Input,8,Right,F1,F1
Q28S_1_4B,1015,SUMMARY TO SHOW WHEN MOST RECENTLY CHANGED PROVIDER: 13 MONTHS - 2 YEARS AGO,Nominal,Input,8,Right,F1,F1
Q28S_1_4C,1016,SUMMARY TO SHOW WHEN MOST RECENTLY CHANGED PROVIDER: OVER 2 YEARS AGO,Nominal,Input,8,Right,F1,F1
Q28S_1_4D,1017,SUMMARY TO SHOW WHEN MOST RECENTLY CHANGED PROVIDER: NET: IN THE LAST 2 YEARS,Nominal,Input,8,Right,F1,F1
Q28S_1_4E,1018,SUMMARY TO SHOW WHEN MOST RECENTLY CHANGED PROVIDER: NEVER,Nominal,Input,8,Right,F1,F1
Q28_1_5,1019,Q28. Have you or your household ever changed the company that provides your landline service? IF YES – When did you most recently change provider for your landline service?,Nominal,Input,8,Right,F1,F1
Q28S_1_5A,1020,SUMMARY TO SHOW WHEN MOST RECENTLY CHANGED PROVIDER: IN THE LAST 12 MONTHS,Nominal,Input,8,Right,F1,F1
Q28S_1_5B,1021,SUMMARY TO SHOW WHEN MOST RECENTLY CHANGED PROVIDER: 13 MONTHS - 2 YEARS AGO,Nominal,Input,8,Right,F1,F1
Q28S_1_5C,1022,SUMMARY TO SHOW WHEN MOST RECENTLY CHANGED PROVIDER: OVER 2 YEARS AGO,Nominal,Input,8,Right,F1,F1
Q28S_1_5D,1023,SUMMARY TO SHOW WHEN MOST RECENTLY CHANGED PROVIDER: NET: IN THE LAST 2 YEARS,Nominal,Input,8,Right,F1,F1
Q28S_1_5E,1024,SUMMARY TO SHOW WHEN MOST RECENTLY CHANGED PROVIDER: NEVER,Nominal,Input,8,Right,F1,F1
Q28_1_6,1025,Q28. Have you or your household ever changed the company that provides your landline service? IF YES – When did you most recently change provider for your landline service?,Nominal,Input,8,Right,F1,F1
Q28S_1_6A,1026,SUMMARY TO SHOW WHEN MOST RECENTLY CHANGED PROVIDER: IN THE LAST 12 MONTHS,Nominal,Input,8,Right,F1,F1
Q28S_1_6B,1027,SUMMARY TO SHOW WHEN MOST RECENTLY CHANGED PROVIDER: 13 MONTHS - 2 YEARS AGO,Nominal,Input,8,Right,F1,F1
Q28S_1_6C,1028,SUMMARY TO SHOW WHEN MOST RECENTLY CHANGED PROVIDER: OVER 2 YEARS AGO,Nominal,Input,8,Right,F1,F1
Q28S_1_6D,1029,SUMMARY TO SHOW WHEN MOST RECENTLY CHANGED PROVIDER: NET: IN THE LAST 2 YEARS,Nominal,Input,8,Right,F1,F1
Q28S_1_6E,1030,SUMMARY TO SHOW WHEN MOST RECENTLY CHANGED PROVIDER: NEVER,Nominal,Input,8,Right,F1,F1
Q28A_1,1031,Q28A. Which provider did you previously use for your landline service?,Nominal,Input,8,Right,F2,F2
Q28A_2,1032,Q28A. Which provider did you previously use for your landline service?,Nominal,Input,8,Right,F2,F2
Q28A_3,1033,Q28A. Which provider did you previously use for your landline service?,Nominal,Input,8,Right,F2,F2
Q28A_4,1034,Q28A. Which provider did you previously use for your landline service?,Nominal,Input,8,Right,F2,F2
Q28A_5,1035,Q28A. Which provider did you previously use for your landline service?,Nominal,Input,8,Right,F2,F2
Q28A_6,1036,Q28A. Which provider did you previously use for your landline service?,Nominal,Input,8,Right,F2,F2
Q29_1_1,1037,Q29. Did you make this recent change of landline service provider at the same time as moving home? IF CHANGED PROVIDER MORE THAN ONCE – Think about the landline service you changed most recently.,Nominal,Input,8,Right,F1,F1
Q29_1_2,1038,Q29. Did you make this recent change of landline service provider at the same time as moving home? IF CHANGED PROVIDER MORE THAN ONCE – Think about the landline service you changed most recently.,Nominal,Input,8,Right,F1,F1
Q29_1_3,1039,Q29. Did you make this recent change of landline service provider at the same time as moving home? IF CHANGED PROVIDER MORE THAN ONCE – Think about the landline service you changed most recently.,Nominal,Input,8,Right,F1,F1
Q29_1_4,1040,Q29. Did you make this recent change of landline service provider at the same time as moving home? IF CHANGED PROVIDER MORE THAN ONCE – Think about the landline service you changed most recently.,Nominal,Input,8,Right,F1,F1
Q29_1_5,1041,Q29. Did you make this recent change of landline service provider at the same time as moving home? IF CHANGED PROVIDER MORE THAN ONCE – Think about the landline service you changed most recently.,Nominal,Input,8,Right,F1,F1
Q29_1_6,1042,Q29. Did you make this recent change of landline service provider at the same time as moving home? IF CHANGED PROVIDER MORE THAN ONCE – Think about the landline service you changed most recently.,Nominal,Input,8,Right,F1,F1
Q29A_1_1,1043,Q29A. And in the last 12 months did you or anyone in your household actively start looking at changing your landline service provider but then decide not to?,Nominal,Input,8,Right,F1,F1
Q29A_1_2,1044,Q29A. And in the last 12 months did you or anyone in your household actively start looking at changing your landline service provider but then decide not to?,Nominal,Input,8,Right,F1,F1
Q29A_1_3,1045,Q29A. And in the last 12 months did you or anyone in your household actively start looking at changing your landline service provider but then decide not to?,Nominal,Input,8,Right,F1,F1
Q29A_1_4,1046,Q29A. And in the last 12 months did you or anyone in your household actively start looking at changing your landline service provider but then decide not to?,Nominal,Input,8,Right,F1,F1
Q29A_1_5,1047,Q29A. And in the last 12 months did you or anyone in your household actively start looking at changing your landline service provider but then decide not to?,Nominal,Input,8,Right,F1,F1
Q29A_1_6,1048,Q29A. And in the last 12 months did you or anyone in your household actively start looking at changing your landline service provider but then decide not to?,Nominal,Input,8,Right,F1,F1
Q29B_1_1,1049,Q29B. How long has (PROVIDER) been providing your landline service?,Nominal,Input,8,Right,F1,F1
Q29B_1_2,1050,Q29B. How long has (PROVIDER) been providing your landline service?,Nominal,Input,8,Right,F1,F1
Q29B_1_3,1051,Q29B. How long has (PROVIDER) been providing your landline service?,Nominal,Input,8,Right,F1,F1
Q29B_1_4,1052,Q29B. How long has (PROVIDER) been providing your landline service?,Nominal,Input,8,Right,F1,F1
Q29B_1_5,1053,Q29B. How long has (PROVIDER) been providing your landline service?,Nominal,Input,8,Right,F1,F1
Q29B_1_6,1054,Q29B. How long has (PROVIDER) been providing your landline service?,Nominal,Input,8,Right,F1,F1
Q29D_1_1,1055,Q29D. Thinking about your current contract with (PROVIDER) for your landline service... Which of these best applies?,Nominal,Input,8,Right,F1,F1
Q29D_1_2,1056,Q29D. Thinking about your current contract with (PROVIDER) for your landline service... Which of these best applies?,Nominal,Input,8,Right,F1,F1
Q29D_1_3,1057,Q29D. Thinking about your current contract with (PROVIDER) for your landline service... Which of these best applies?,Nominal,Input,8,Right,F1,F1
Q29D_1_4,1058,Q29D. Thinking about your current contract with (PROVIDER) for your landline service... Which of these best applies?,Nominal,Input,8,Right,F1,F1
Q29D_1_5,1059,Q29D. Thinking about your current contract with (PROVIDER) for your landline service... Which of these best applies?,Nominal,Input,8,Right,F1,F1
Q29D_1_6,1060,Q29D. Thinking about your current contract with (PROVIDER) for your landline service... Which of these best applies?,Nominal,Input,8,Right,F1,F1
Q28_2_1,1061,Q28. Have you or your household ever changed the company that provides your mobile phone service? IF YES – When did you most recently change provider for your mobile phone service?,Nominal,Input,8,Right,F1,F1
Q28S_2_1A,1062,SUMMARY TO SHOW WHEN MOST RECENTLY CHANGED PROVIDER: IN THE LAST 12 MONTHS,Nominal,Input,8,Right,F1,F1
Q28S_2_1B,1063,SUMMARY TO SHOW WHEN MOST RECENTLY CHANGED PROVIDER: 13 MONTHS - 2 YEARS AGO,Nominal,Input,8,Right,F1,F1
Q28S_2_1C,1064,SUMMARY TO SHOW WHEN MOST RECENTLY CHANGED PROVIDER: OVER 2 YEARS AGO,Nominal,Input,8,Right,F1,F1
Q28S_2_1D,1065,SUMMARY TO SHOW WHEN MOST RECENTLY CHANGED PROVIDER: NET: IN THE LAST 2 YEARS,Nominal,Input,8,Right,F1,F1
Q28S_2_1E,1066,SUMMARY TO SHOW WHEN MOST RECENTLY CHANGED PROVIDER: NEVER,Nominal,Input,8,Right,F1,F1
Q28_2_2,1067,Q28. Have you or your household ever changed the company that provides your mobile phone service? IF YES – When did you most recently change provider for your mobile phone service?,Nominal,Input,8,Right,F1,F1
Q28S_2_2A,1068,SUMMARY TO SHOW WHEN MOST RECENTLY CHANGED PROVIDER: IN THE LAST 12 MONTHS,Nominal,Input,8,Right,F1,F1
Q28S_2_2B,1069,SUMMARY TO SHOW WHEN MOST RECENTLY CHANGED PROVIDER: 13 MONTHS - 2 YEARS AGO,Nominal,Input,8,Right,F1,F1
Q28S_2_2C,1070,SUMMARY TO SHOW WHEN MOST RECENTLY CHANGED PROVIDER: OVER 2 YEARS AGO,Nominal,Input,8,Right,F1,F1
Q28S_2_2D,1071,SUMMARY TO SHOW WHEN MOST RECENTLY CHANGED PROVIDER: NET: IN THE LAST 2 YEARS,Nominal,Input,8,Right,F1,F1
Q28S_2_2E,1072,SUMMARY TO SHOW WHEN MOST RECENTLY CHANGED PROVIDER: NEVER,Nominal,Input,8,Right,F1,F1
Q28_2_3,1073,Q28. Have you or your household ever changed the company that provides your mobile phone service? IF YES – When did you most recently change provider for your mobile phone service?,Nominal,Input,8,Right,F1,F1
Q28S_2_3A,1074,SUMMARY TO SHOW WHEN MOST RECENTLY CHANGED PROVIDER: IN THE LAST 12 MONTHS,Nominal,Input,8,Right,F1,F1
Q28S_2_3B,1075,SUMMARY TO SHOW WHEN MOST RECENTLY CHANGED PROVIDER: 13 MONTHS - 2 YEARS AGO,Nominal,Input,8,Right,F1,F1
Q28S_2_3C,1076,SUMMARY TO SHOW WHEN MOST RECENTLY CHANGED PROVIDER: OVER 2 YEARS AGO,Nominal,Input,8,Right,F1,F1
Q28S_2_3D,1077,SUMMARY TO SHOW WHEN MOST RECENTLY CHANGED PROVIDER: NET: IN THE LAST 2 YEARS,Nominal,Input,8,Right,F1,F1
Q28S_2_3E,1078,SUMMARY TO SHOW WHEN MOST RECENTLY CHANGED PROVIDER: NEVER,Nominal,Input,8,Right,F1,F1
Q28_2_4,1079,Q28. Have you or your household ever changed the company that provides your mobile phone service? IF YES – When did you most recently change provider for your mobile phone service?,Nominal,Input,8,Right,F1,F1
Q28S_2_4A,1080,SUMMARY TO SHOW WHEN MOST RECENTLY CHANGED PROVIDER: IN THE LAST 12 MONTHS,Nominal,Input,8,Right,F1,F1
Q28S_2_4B,1081,SUMMARY TO SHOW WHEN MOST RECENTLY CHANGED PROVIDER: 13 MONTHS - 2 YEARS AGO,Nominal,Input,8,Right,F1,F1
Q28S_2_4C,1082,SUMMARY TO SHOW WHEN MOST RECENTLY CHANGED PROVIDER: OVER 2 YEARS AGO,Nominal,Input,8,Right,F1,F1
Q28S_2_4D,1083,SUMMARY TO SHOW WHEN MOST RECENTLY CHANGED PROVIDER: NET: IN THE LAST 2 YEARS,Nominal,Input,8,Right,F1,F1
Q28S_2_4E,1084,SUMMARY TO SHOW WHEN MOST RECENTLY CHANGED PROVIDER: NEVER,Nominal,Input,8,Right,F1,F1
Q28_2_5,1085,Q28. Have you or your household ever changed the company that provides your mobile phone service? IF YES – When did you most recently change provider for your mobile phone service?,Nominal,Input,8,Right,F1,F1
Q28S_2_5A,1086,SUMMARY TO SHOW WHEN MOST RECENTLY CHANGED PROVIDER: IN THE LAST 12 MONTHS,Nominal,Input,8,Right,F1,F1
Q28S_2_5B,1087,SUMMARY TO SHOW WHEN MOST RECENTLY CHANGED PROVIDER: 13 MONTHS - 2 YEARS AGO,Nominal,Input,8,Right,F1,F1
Q28S_2_5C,1088,SUMMARY TO SHOW WHEN MOST RECENTLY CHANGED PROVIDER: OVER 2 YEARS AGO,Nominal,Input,8,Right,F1,F1
Q28S_2_5D,1089,SUMMARY TO SHOW WHEN MOST RECENTLY CHANGED PROVIDER: NET: IN THE LAST 2 YEARS,Nominal,Input,8,Right,F1,F1
Q28S_2_5E,1090,SUMMARY TO SHOW WHEN MOST RECENTLY CHANGED PROVIDER: NEVER,Nominal,Input,8,Right,F1,F1
Q28_2_6,1091,Q28. Have you or your household ever changed the company that provides your mobile phone service? IF YES – When did you most recently change provider for your mobile phone service?,Nominal,Input,8,Right,F1,F1
Q28S_2_6A,1092,SUMMARY TO SHOW WHEN MOST RECENTLY CHANGED PROVIDER: IN THE LAST 12 MONTHS,Nominal,Input,8,Right,F1,F1
Q28S_2_6B,1093,SUMMARY TO SHOW WHEN MOST RECENTLY CHANGED PROVIDER: 13 MONTHS - 2 YEARS AGO,Nominal,Input,8,Right,F1,F1
Q28S_2_6C,1094,SUMMARY TO SHOW WHEN MOST RECENTLY CHANGED PROVIDER: OVER 2 YEARS AGO,Nominal,Input,8,Right,F1,F1
Q28S_2_6D,1095,SUMMARY TO SHOW WHEN MOST RECENTLY CHANGED PROVIDER: NET: IN THE LAST 2 YEARS,Nominal,Input,8,Right,F1,F1
Q28S_2_6E,1096,SUMMARY TO SHOW WHEN MOST RECENTLY CHANGED PROVIDER: NEVER,Nominal,Input,8,Right,F1,F1
Q28B_1,1097,Q28B. Which provider did you previously use for your mobile phone service?,Nominal,Input,8,Right,F2,F2
Q28B_2,1098,Q28B. Which provider did you previously use for your mobile phone service?,Nominal,Input,8,Right,F2,F2
Q28B_3,1099,Q28B. Which provider did you previously use for your mobile phone service?,Nominal,Input,8,Right,F2,F2
Q28B_4,1100,Q28B. Which provider did you previously use for your mobile phone service?,Nominal,Input,8,Right,F2,F2
Q28B_5,1101,Q28B. Which provider did you previously use for your mobile phone service?,Nominal,Input,8,Right,F2,F2
Q28B_6,1102,Q28B. Which provider did you previously use for your mobile phone service?,Nominal,Input,8,Right,F2,F2
Q29A_2_1,1103,Q29A. And in the last 12 months did you or anyone in your household actively start looking at changing your mobile phone service provider but then decide not to?,Nominal,Input,8,Right,F1,F1
Q29A_2_2,1104,Q29A. And in the last 12 months did you or anyone in your household actively start looking at changing your mobile phone service provider but then decide not to?,Nominal,Input,8,Right,F1,F1
Q29A_2_3,1105,Q29A. And in the last 12 months did you or anyone in your household actively start looking at changing your mobile phone service provider but then decide not to?,Nominal,Input,8,Right,F1,F1
Q29A_2_4,1106,Q29A. And in the last 12 months did you or anyone in your household actively start looking at changing your mobile phone service provider but then decide not to?,Nominal,Input,8,Right,F1,F1
Q29A_2_5,1107,Q29A. And in the last 12 months did you or anyone in your household actively start looking at changing your mobile phone service provider but then decide not to?,Nominal,Input,8,Right,F1,F1
Q29A_2_6,1108,Q29A. And in the last 12 months did you or anyone in your household actively start looking at changing your mobile phone service provider but then decide not to?,Nominal,Input,8,Right,F1,F1
Q29B_2_1,1109,Q29B. How long has (PROVIDER) been providing your mobile phone service?,Nominal,Input,8,Right,F1,F1
Q29B_2_2,1110,Q29B. How long has (PROVIDER) been providing your mobile phone service?,Nominal,Input,8,Right,F1,F1
Q29B_2_3,1111,Q29B. How long has (PROVIDER) been providing your mobile phone service?,Nominal,Input,8,Right,F1,F1
Q29B_2_4,1112,Q29B. How long has (PROVIDER) been providing your mobile phone service?,Nominal,Input,8,Right,F1,F1
Q29B_2_5,1113,Q29B. How long has (PROVIDER) been providing your mobile phone service?,Nominal,Input,8,Right,F1,F1
Q29B_2_6,1114,Q29B. How long has (PROVIDER) been providing your mobile phone service?,Nominal,Input,8,Right,F1,F1
Q29D_2_1,1115,Q29D. Thinking about your current contract with (PROVIDER) for your mobile phone service... Which of these best applies?,Nominal,Input,8,Right,F1,F1
Q29D_2_2,1116,Q29D. Thinking about your current contract with (PROVIDER) for your mobile phone service... Which of these best applies?,Nominal,Input,8,Right,F1,F1
Q29D_2_3,1117,Q29D. Thinking about your current contract with (PROVIDER) for your mobile phone service... Which of these best applies?,Nominal,Input,8,Right,F1,F1
Q29D_2_4,1118,Q29D. Thinking about your current contract with (PROVIDER) for your mobile phone service... Which of these best applies?,Nominal,Input,8,Right,F1,F1
Q29D_2_5,1119,Q29D. Thinking about your current contract with (PROVIDER) for your mobile phone service... Which of these best applies?,Nominal,Input,8,Right,F1,F1
Q29D_2_6,1120,Q29D. Thinking about your current contract with (PROVIDER) for your mobile phone service... Which of these best applies?,Nominal,Input,8,Right,F1,F1
Q28_3_1,1121,Q28. Have you or your household ever changed the company that provides your fixed broadband service? IF YES – When did you most recently change provider for your fixed broadband service?,Nominal,Input,8,Right,F1,F1
Q28S_3_1A,1122,SUMMARY TO SHOW WHEN MOST RECENTLY CHANGED PROVIDER: IN THE LAST 12 MONTHS,Nominal,Input,8,Right,F1,F1
Q28S_3_1B,1123,SUMMARY TO SHOW WHEN MOST RECENTLY CHANGED PROVIDER: 13 MONTHS - 2 YEARS AGO,Nominal,Input,8,Right,F1,F1
Q28S_3_1C,1124,SUMMARY TO SHOW WHEN MOST RECENTLY CHANGED PROVIDER: OVER 2 YEARS AGO,Nominal,Input,8,Right,F1,F1
Q28S_3_1D,1125,SUMMARY TO SHOW WHEN MOST RECENTLY CHANGED PROVIDER: NET: IN THE LAST 2 YEARS,Nominal,Input,8,Right,F1,F1
Q28S_3_1E,1126,SUMMARY TO SHOW WHEN MOST RECENTLY CHANGED PROVIDER: NEVER,Nominal,Input,8,Right,F1,F1
Q28_3_2,1127,Q28. Have you or your household ever changed the company that provides your fixed broadband service? IF YES – When did you most recently change provider for your fixed broadband service?,Nominal,Input,8,Right,F1,F1
Q28S_3_2A,1128,SUMMARY TO SHOW WHEN MOST RECENTLY CHANGED PROVIDER: IN THE LAST 12 MONTHS,Nominal,Input,8,Right,F1,F1
Q28S_3_2B,1129,SUMMARY TO SHOW WHEN MOST RECENTLY CHANGED PROVIDER: 13 MONTHS - 2 YEARS AGO,Nominal,Input,8,Right,F1,F1
Q28S_3_2C,1130,SUMMARY TO SHOW WHEN MOST RECENTLY CHANGED PROVIDER: OVER 2 YEARS AGO,Nominal,Input,8,Right,F1,F1
Q28S_3_2D,1131,SUMMARY TO SHOW WHEN MOST RECENTLY CHANGED PROVIDER: NET: IN THE LAST 2 YEARS,Nominal,Input,8,Right,F1,F1
Q28S_3_2E,1132,SUMMARY TO SHOW WHEN MOST RECENTLY CHANGED PROVIDER: NEVER,Nominal,Input,8,Right,F1,F1
Q28_3_3,1133,Q28. Have you or your household ever changed the company that provides your fixed broadband service? IF YES – When did you most recently change provider for your fixed broadband service?,Nominal,Input,8,Right,F1,F1
Q28S_3_3A,1134,SUMMARY TO SHOW WHEN MOST RECENTLY CHANGED PROVIDER: IN THE LAST 12 MONTHS,Nominal,Input,8,Right,F1,F1
Q28S_3_3B,1135,SUMMARY TO SHOW WHEN MOST RECENTLY CHANGED PROVIDER: 13 MONTHS - 2 YEARS AGO,Nominal,Input,8,Right,F1,F1
Q28S_3_3C,1136,SUMMARY TO SHOW WHEN MOST RECENTLY CHANGED PROVIDER: OVER 2 YEARS AGO,Nominal,Input,8,Right,F1,F1
Q28S_3_3D,1137,SUMMARY TO SHOW WHEN MOST RECENTLY CHANGED PROVIDER: NET: IN THE LAST 2 YEARS,Nominal,Input,8,Right,F1,F1
Q28S_3_3E,1138,SUMMARY TO SHOW WHEN MOST RECENTLY CHANGED PROVIDER: NEVER,Nominal,Input,8,Right,F1,F1
Q28_3_4,1139,Q28. Have you or your household ever changed the company that provides your fixed broadband service? IF YES – When did you most recently change provider for your fixed broadband service?,Nominal,Input,8,Right,F1,F1
Q28S_3_4A,1140,SUMMARY TO SHOW WHEN MOST RECENTLY CHANGED PROVIDER: IN THE LAST 12 MONTHS,Nominal,Input,8,Right,F1,F1
Q28S_3_4B,1141,SUMMARY TO SHOW WHEN MOST RECENTLY CHANGED PROVIDER: 13 MONTHS - 2 YEARS AGO,Nominal,Input,8,Right,F1,F1
Q28S_3_4C,1142,SUMMARY TO SHOW WHEN MOST RECENTLY CHANGED PROVIDER: OVER 2 YEARS AGO,Nominal,Input,8,Right,F1,F1
Q28S_3_4D,1143,SUMMARY TO SHOW WHEN MOST RECENTLY CHANGED PROVIDER: NET: IN THE LAST 2 YEARS,Nominal,Input,8,Right,F1,F1
Q28S_3_4E,1144,SUMMARY TO SHOW WHEN MOST RECENTLY CHANGED PROVIDER: NEVER,Nominal,Input,8,Right,F1,F1
Q28_3_5,1145,Q28. Have you or your household ever changed the company that provides your fixed broadband service? IF YES – When did you most recently change provider for your fixed broadband service?,Nominal,Input,8,Right,F1,F1
Q28S_3_5A,1146,SUMMARY TO SHOW WHEN MOST RECENTLY CHANGED PROVIDER: IN THE LAST 12 MONTHS,Nominal,Input,8,Right,F1,F1
Q28S_3_5B,1147,SUMMARY TO SHOW WHEN MOST RECENTLY CHANGED PROVIDER: 13 MONTHS - 2 YEARS AGO,Nominal,Input,8,Right,F1,F1
Q28S_3_5C,1148,SUMMARY TO SHOW WHEN MOST RECENTLY CHANGED PROVIDER: OVER 2 YEARS AGO,Nominal,Input,8,Right,F1,F1
Q28S_3_5D,1149,SUMMARY TO SHOW WHEN MOST RECENTLY CHANGED PROVIDER: NET: IN THE LAST 2 YEARS,Nominal,Input,8,Right,F1,F1
Q28S_3_5E,1150,SUMMARY TO SHOW WHEN MOST RECENTLY CHANGED PROVIDER: NEVER,Nominal,Input,8,Right,F1,F1
Q28_3_6,1151,Q28. Have you or your household ever changed the company that provides your fixed broadband service? IF YES – When did you most recently change provider for your fixed broadband service?,Nominal,Input,8,Right,F1,F1
Q28S_3_6A,1152,SUMMARY TO SHOW WHEN MOST RECENTLY CHANGED PROVIDER: IN THE LAST 12 MONTHS,Nominal,Input,8,Right,F1,F1
Q28S_3_6B,1153,SUMMARY TO SHOW WHEN MOST RECENTLY CHANGED PROVIDER: 13 MONTHS - 2 YEARS AGO,Nominal,Input,8,Right,F1,F1
Q28S_3_6C,1154,SUMMARY TO SHOW WHEN MOST RECENTLY CHANGED PROVIDER: OVER 2 YEARS AGO,Nominal,Input,8,Right,F1,F1
Q28S_3_6D,1155,SUMMARY TO SHOW WHEN MOST RECENTLY CHANGED PROVIDER: NET: IN THE LAST 2 YEARS,Nominal,Input,8,Right,F1,F1
Q28S_3_6E,1156,SUMMARY TO SHOW WHEN MOST RECENTLY CHANGED PROVIDER: NEVER,Nominal,Input,8,Right,F1,F1
Q28C_1,1157,Q28C. Which provider did you previously use for your fixed broadband service?,Nominal,Input,8,Right,F2,F2
Q28C_2,1158,Q28C. Which provider did you previously use for your fixed broadband service?,Nominal,Input,8,Right,F2,F2
Q28C_3,1159,Q28C. Which provider did you previously use for your fixed broadband service?,Nominal,Input,8,Right,F2,F2
Q28C_4,1160,Q28C. Which provider did you previously use for your fixed broadband service?,Nominal,Input,8,Right,F2,F2
Q28C_5,1161,Q28C. Which provider did you previously use for your fixed broadband service?,Nominal,Input,8,Right,F2,F2
Q28C_6,1162,Q28C. Which provider did you previously use for your fixed broadband service?,Nominal,Input,8,Right,F2,F2
Q29_3_1,1163,Q29. Did you make this recent change of fixed broadband service provider at the same time as moving home? IF CHANGED PROVIDER MORE THAN ONCE – Think about the fixed broadband service you changed most recently.,Nominal,Input,8,Right,F1,F1
Q29_3_2,1164,Q29. Did you make this recent change of fixed broadband service provider at the same time as moving home? IF CHANGED PROVIDER MORE THAN ONCE – Think about the fixed broadband service you changed most recently.,Nominal,Input,8,Right,F1,F1
Q29_3_3,1165,Q29. Did you make this recent change of fixed broadband service provider at the same time as moving home? IF CHANGED PROVIDER MORE THAN ONCE – Think about the fixed broadband service you changed most recently.,Nominal,Input,8,Right,F1,F1
Q29_3_4,1166,Q29. Did you make this recent change of fixed broadband service provider at the same time as moving home? IF CHANGED PROVIDER MORE THAN ONCE – Think about the fixed broadband service you changed most recently.,Nominal,Input,8,Right,F1,F1
Q29_3_5,1167,Q29. Did you make this recent change of fixed broadband service provider at the same time as moving home? IF CHANGED PROVIDER MORE THAN ONCE – Think about the fixed broadband service you changed most recently.,Nominal,Input,8,Right,F1,F1
Q29_3_6,1168,Q29. Did you make this recent change of fixed broadband service provider at the same time as moving home? IF CHANGED PROVIDER MORE THAN ONCE – Think about the fixed broadband service you changed most recently.,Nominal,Input,8,Right,F1,F1
Q29A_3_1,1169,Q29A. And in the last 12 months did you or anyone in your household actively start looking at changing your fixed broadband service provider but then decide not to?,Nominal,Input,8,Right,F1,F1
Q29A_3_2,1170,Q29A. And in the last 12 months did you or anyone in your household actively start looking at changing your fixed broadband service provider but then decide not to?,Nominal,Input,8,Right,F1,F1
Q29A_3_3,1171,Q29A. And in the last 12 months did you or anyone in your household actively start looking at changing your fixed broadband service provider but then decide not to?,Nominal,Input,8,Right,F1,F1
Q29A_3_4,1172,Q29A. And in the last 12 months did you or anyone in your household actively start looking at changing your fixed broadband service provider but then decide not to?,Nominal,Input,8,Right,F1,F1
Q29A_3_5,1173,Q29A. And in the last 12 months did you or anyone in your household actively start looking at changing your fixed broadband service provider but then decide not to?,Nominal,Input,8,Right,F1,F1
Q29A_3_6,1174,Q29A. And in the last 12 months did you or anyone in your household actively start looking at changing your fixed broadband service provider but then decide not to?,Nominal,Input,8,Right,F1,F1
Q29B_3_1,1175,Q29B. How long has (PROVIDER) been providing your fixed broadband service?,Nominal,Input,8,Right,F1,F1
Q29B_3_2,1176,Q29B. How long has (PROVIDER) been providing your fixed broadband service?,Nominal,Input,8,Right,F1,F1
Q29B_3_3,1177,Q29B. How long has (PROVIDER) been providing your fixed broadband service?,Nominal,Input,8,Right,F1,F1
Q29B_3_4,1178,Q29B. How long has (PROVIDER) been providing your fixed broadband service?,Nominal,Input,8,Right,F1,F1
Q29B_3_5,1179,Q29B. How long has (PROVIDER) been providing your fixed broadband service?,Nominal,Input,8,Right,F1,F1
Q29B_3_6,1180,Q29B. How long has (PROVIDER) been providing your fixed broadband service?,Nominal,Input,8,Right,F1,F1
Q29D_3_1,1181,Q29D. Thinking about your current contract with (PROVIDER) for your fixed broadband service... Which of these best applies?,Nominal,Input,8,Right,F1,F1
Q29D_3_2,1182,Q29D. Thinking about your current contract with (PROVIDER) for your fixed broadband service... Which of these best applies?,Nominal,Input,8,Right,F1,F1
Q29D_3_3,1183,Q29D. Thinking about your current contract with (PROVIDER) for your fixed broadband service... Which of these best applies?,Nominal,Input,8,Right,F1,F1
Q29D_3_4,1184,Q29D. Thinking about your current contract with (PROVIDER) for your fixed broadband service... Which of these best applies?,Nominal,Input,8,Right,F1,F1
Q29D_3_5,1185,Q29D. Thinking about your current contract with (PROVIDER) for your fixed broadband service... Which of these best applies?,Nominal,Input,8,Right,F1,F1
Q29D_3_6,1186,Q29D. Thinking about your current contract with (PROVIDER) for your fixed broadband service... Which of these best applies?,Nominal,Input,8,Right,F1,F1
Q28_4_1,1187,Q28. Have you or your household ever changed the company that provides your TV service? IF YES – When did you most recently change provider for your TV service?,Nominal,Input,8,Right,F1,F1
Q28S_4_1A,1188,SUMMARY TO SHOW WHEN MOST RECENTLY CHANGED PROVIDER: IN THE LAST 12 MONTHS,Nominal,Input,8,Right,F1,F1
Q28S_4_1B,1189,SUMMARY TO SHOW WHEN MOST RECENTLY CHANGED PROVIDER: 13 MONTHS - 2 YEARS AGO,Nominal,Input,8,Right,F1,F1
Q28S_4_1C,1190,SUMMARY TO SHOW WHEN MOST RECENTLY CHANGED PROVIDER: OVER 2 YEARS AGO,Nominal,Input,8,Right,F1,F1
Q28S_4_1D,1191,SUMMARY TO SHOW WHEN MOST RECENTLY CHANGED PROVIDER: NET: IN THE LAST 2 YEARS,Nominal,Input,8,Right,F1,F1
Q28S_4_1E,1192,SUMMARY TO SHOW WHEN MOST RECENTLY CHANGED PROVIDER: NEVER,Nominal,Input,8,Right,F1,F1
Q28_4_2,1193,Q28. Have you or your household ever changed the company that provides your TV service? IF YES – When did you most recently change provider for your TV service?,Nominal,Input,8,Right,F1,F1
Q28S_4_2A,1194,SUMMARY TO SHOW WHEN MOST RECENTLY CHANGED PROVIDER: IN THE LAST 12 MONTHS,Nominal,Input,8,Right,F1,F1
Q28S_4_2B,1195,SUMMARY TO SHOW WHEN MOST RECENTLY CHANGED PROVIDER: 13 MONTHS - 2 YEARS AGO,Nominal,Input,8,Right,F1,F1
Q28S_4_2C,1196,SUMMARY TO SHOW WHEN MOST RECENTLY CHANGED PROVIDER: OVER 2 YEARS AGO,Nominal,Input,8,Right,F1,F1
Q28S_4_2D,1197,SUMMARY TO SHOW WHEN MOST RECENTLY CHANGED PROVIDER: NET: IN THE LAST 2 YEARS,Nominal,Input,8,Right,F1,F1
Q28S_4_2E,1198,SUMMARY TO SHOW WHEN MOST RECENTLY CHANGED PROVIDER: NEVER,Nominal,Input,8,Right,F1,F1
Q28_4_3,1199,Q28. Have you or your household ever changed the company that provides your TV service? IF YES – When did you most recently change provider for your TV service?,Nominal,Input,8,Right,F1,F1
Q28S_4_3A,1200,SUMMARY TO SHOW WHEN MOST RECENTLY CHANGED PROVIDER: IN THE LAST 12 MONTHS,Nominal,Input,8,Right,F1,F1
Q28S_4_3B,1201,SUMMARY TO SHOW WHEN MOST RECENTLY CHANGED PROVIDER: 13 MONTHS - 2 YEARS AGO,Nominal,Input,8,Right,F1,F1
Q28S_4_3C,1202,SUMMARY TO SHOW WHEN MOST RECENTLY CHANGED PROVIDER: OVER 2 YEARS AGO,Nominal,Input,8,Right,F1,F1
Q28S_4_3D,1203,SUMMARY TO SHOW WHEN MOST RECENTLY CHANGED PROVIDER: NET: IN THE LAST 2 YEARS,Nominal,Input,8,Right,F1,F1
Q28S_4_3E,1204,SUMMARY TO SHOW WHEN MOST RECENTLY CHANGED PROVIDER: NEVER,Nominal,Input,8,Right,F1,F1
Q28_4_4,1205,Q28. Have you or your household ever changed the company that provides your TV service? IF YES – When did you most recently change provider for your TV service?,Nominal,Input,8,Right,F1,F1
Q28S_4_4A,1206,SUMMARY TO SHOW WHEN MOST RECENTLY CHANGED PROVIDER: IN THE LAST 12 MONTHS,Nominal,Input,8,Right,F1,F1
Q28S_4_4B,1207,SUMMARY TO SHOW WHEN MOST RECENTLY CHANGED PROVIDER: 13 MONTHS - 2 YEARS AGO,Nominal,Input,8,Right,F1,F1
Q28S_4_4C,1208,SUMMARY TO SHOW WHEN MOST RECENTLY CHANGED PROVIDER: OVER 2 YEARS AGO,Nominal,Input,8,Right,F1,F1
Q28S_4_4D,1209,SUMMARY TO SHOW WHEN MOST RECENTLY CHANGED PROVIDER: NET: IN THE LAST 2 YEARS,Nominal,Input,8,Right,F1,F1
Q28S_4_4E,1210,SUMMARY TO SHOW WHEN MOST RECENTLY CHANGED PROVIDER: NEVER,Nominal,Input,8,Right,F1,F1
Q28_4_5,1211,Q28. Have you or your household ever changed the company that provides your TV service? IF YES – When did you most recently change provider for your TV service?,Nominal,Input,8,Right,F1,F1
Q28S_4_5A,1212,SUMMARY TO SHOW WHEN MOST RECENTLY CHANGED PROVIDER: IN THE LAST 12 MONTHS,Nominal,Input,8,Right,F1,F1
Q28S_4_5B,1213,SUMMARY TO SHOW WHEN MOST RECENTLY CHANGED PROVIDER: 13 MONTHS - 2 YEARS AGO,Nominal,Input,8,Right,F1,F1
Q28S_4_5C,1214,SUMMARY TO SHOW WHEN MOST RECENTLY CHANGED PROVIDER: OVER 2 YEARS AGO,Nominal,Input,8,Right,F1,F1
Q28S_4_5D,1215,SUMMARY TO SHOW WHEN MOST RECENTLY CHANGED PROVIDER: NET: IN THE LAST 2 YEARS,Nominal,Input,8,Right,F1,F1
Q28S_4_5E,1216,SUMMARY TO SHOW WHEN MOST RECENTLY CHANGED PROVIDER: NEVER,Nominal,Input,8,Right,F1,F1
Q28_4_6,1217,Q28. Have you or your household ever changed the company that provides your TV service? IF YES – When did you most recently change provider for your TV service?,Nominal,Input,8,Right,F1,F1
Q28S_4_6A,1218,SUMMARY TO SHOW WHEN MOST RECENTLY CHANGED PROVIDER: IN THE LAST 12 MONTHS,Nominal,Input,8,Right,F1,F1
Q28S_4_6B,1219,SUMMARY TO SHOW WHEN MOST RECENTLY CHANGED PROVIDER: 13 MONTHS - 2 YEARS AGO,Nominal,Input,8,Right,F1,F1
Q28S_4_6C,1220,SUMMARY TO SHOW WHEN MOST RECENTLY CHANGED PROVIDER: OVER 2 YEARS AGO,Nominal,Input,8,Right,F1,F1
Q28S_4_6D,1221,SUMMARY TO SHOW WHEN MOST RECENTLY CHANGED PROVIDER: NET: IN THE LAST 2 YEARS,Nominal,Input,8,Right,F1,F1
Q28S_4_6E,1222,SUMMARY TO SHOW WHEN MOST RECENTLY CHANGED PROVIDER: NEVER,Nominal,Input,8,Right,F1,F1
Q28D_1,1223,Q28D. Which provider did you previously use for your TV service?,Nominal,Input,8,Right,F2,F2
Q28D_2,1224,Q28D. Which provider did you previously use for your TV service?,Nominal,Input,8,Right,F2,F2
Q28D_3,1225,Q28D. Which provider did you previously use for your TV service?,Nominal,Input,8,Right,F2,F2
Q28D_4,1226,Q28D. Which provider did you previously use for your TV service?,Nominal,Input,8,Right,F2,F2
Q28D_5,1227,Q28D. Which provider did you previously use for your TV service?,Nominal,Input,8,Right,F2,F2
Q28D_6,1228,Q28D. Which provider did you previously use for your TV service?,Nominal,Input,8,Right,F2,F2
Q29_4_1,1229,Q29. Did you make this recent change of TV service provider at the same time as moving home? IF CHANGED PROVIDER MORE THAN ONCE – Think about the TV service you changed most recently.,Nominal,Input,8,Right,F1,F1
Q29_4_2,1230,Q29. Did you make this recent change of TV service provider at the same time as moving home? IF CHANGED PROVIDER MORE THAN ONCE – Think about the TV service you changed most recently.,Nominal,Input,8,Right,F1,F1
Q29_4_3,1231,Q29. Did you make this recent change of TV service provider at the same time as moving home? IF CHANGED PROVIDER MORE THAN ONCE – Think about the TV service you changed most recently.,Nominal,Input,8,Right,F1,F1
Q29_4_4,1232,Q29. Did you make this recent change of TV service provider at the same time as moving home? IF CHANGED PROVIDER MORE THAN ONCE – Think about the TV service you changed most recently.,Nominal,Input,8,Right,F1,F1
Q29_4_5,1233,Q29. Did you make this recent change of TV service provider at the same time as moving home? IF CHANGED PROVIDER MORE THAN ONCE – Think about the TV service you changed most recently.,Nominal,Input,8,Right,F1,F1
Q29_4_6,1234,Q29. Did you make this recent change of TV service provider at the same time as moving home? IF CHANGED PROVIDER MORE THAN ONCE – Think about the TV service you changed most recently.,Nominal,Input,8,Right,F1,F1
Q29A_4_1,1235,Q29A. And in the last 12 months did you or anyone in your household actively start looking at changing your TV service provider but then decide not to?,Nominal,Input,8,Right,F1,F1
Q29A_4_2,1236,Q29A. And in the last 12 months did you or anyone in your household actively start looking at changing your TV service provider but then decide not to?,Nominal,Input,8,Right,F1,F1
Q29A_4_3,1237,Q29A. And in the last 12 months did you or anyone in your household actively start looking at changing your TV service provider but then decide not to?,Nominal,Input,8,Right,F1,F1
Q29A_4_4,1238,Q29A. And in the last 12 months did you or anyone in your household actively start looking at changing your TV service provider but then decide not to?,Nominal,Input,8,Right,F1,F1
Q29A_4_5,1239,Q29A. And in the last 12 months did you or anyone in your household actively start looking at changing your TV service provider but then decide not to?,Nominal,Input,8,Right,F1,F1
Q29A_4_6,1240,Q29A. And in the last 12 months did you or anyone in your household actively start looking at changing your TV service provider but then decide not to?,Nominal,Input,8,Right,F1,F1
Q29B_4_1,1241,Q29B. How long has (PROVIDER) been providing your TV service?,Nominal,Input,8,Right,F1,F1
Q29B_4_2,1242,Q29B. How long has (PROVIDER) been providing your TV service?,Nominal,Input,8,Right,F1,F1
Q29B_4_3,1243,Q29B. How long has (PROVIDER) been providing your TV service?,Nominal,Input,8,Right,F1,F1
Q29B_4_4,1244,Q29B. How long has (PROVIDER) been providing your TV service?,Nominal,Input,8,Right,F1,F1
Q29B_4_5,1245,Q29B. How long has (PROVIDER) been providing your TV service?,Nominal,Input,8,Right,F1,F1
Q29B_4_6,1246,Q29B. How long has (PROVIDER) been providing your TV service?,Nominal,Input,8,Right,F1,F1
Q29D_4_1,1247,Q29D. Thinking about your current contract with (PROVIDER) for your TV service... Which of these best applies?,Nominal,Input,8,Right,F1,F1
Q29D_4_2,1248,Q29D. Thinking about your current contract with (PROVIDER) for your TV service... Which of these best applies?,Nominal,Input,8,Right,F1,F1
Q29D_4_3,1249,Q29D. Thinking about your current contract with (PROVIDER) for your TV service... Which of these best applies?,Nominal,Input,8,Right,F1,F1
Q29D_4_4,1250,Q29D. Thinking about your current contract with (PROVIDER) for your TV service... Which of these best applies?,Nominal,Input,8,Right,F1,F1
Q29D_4_5,1251,Q29D. Thinking about your current contract with (PROVIDER) for your TV service... Which of these best applies?,Nominal,Input,8,Right,F1,F1
Q29D_4_6,1252,Q29D. Thinking about your current contract with (PROVIDER) for your TV service... Which of these best applies?,Nominal,Input,8,Right,F1,F1
Q32A_1,1253,"Q32A. When you switched your mobile provider, did you...?",Nominal,Input,8,Right,F1,F1
Q32A_2,1254,"Q32A. When you switched your mobile provider, did you...?",Nominal,Input,8,Right,F1,F1
Q32A_3,1255,"Q32A. When you switched your mobile provider, did you...?",Nominal,Input,8,Right,F1,F1
Q32A_4,1256,"Q32A. When you switched your mobile provider, did you...?",Nominal,Input,8,Right,F1,F1
Q32A_5,1257,"Q32A. When you switched your mobile provider, did you...?",Nominal,Input,8,Right,F1,F1
Q32A_6,1258,"Q32A. When you switched your mobile provider, did you...?",Nominal,Input,8,Right,F1,F1
Q32B_1,1259,Q32B. And did you REQUEST a code from your previous provider?,Nominal,Input,8,Right,F1,F1
Q32B_2,1260,Q32B. And did you REQUEST a code from your previous provider?,Nominal,Input,8,Right,F1,F1
Q32B_3,1261,Q32B. And did you REQUEST a code from your previous provider?,Nominal,Input,8,Right,F1,F1
Q32B_4,1262,Q32B. And did you REQUEST a code from your previous provider?,Nominal,Input,8,Right,F1,F1
Q32B_5,1263,Q32B. And did you REQUEST a code from your previous provider?,Nominal,Input,8,Right,F1,F1
Q32B_6,1264,Q32B. And did you REQUEST a code from your previous provider?,Nominal,Input,8,Right,F1,F1
Q32C_1,1265,"Q32C. (EXPLANATION PROVIDED FOR PAC AND STAC) There are two different codes you could have requested from your previous mobile service provider, which of the following did you request?",Nominal,Input,8,Right,F1,F1
Q32C_2,1266,"Q32C. (EXPLANATION PROVIDED FOR PAC AND STAC) There are two different codes you could have requested from your previous mobile service provider, which of the following did you request?",Nominal,Input,8,Right,F1,F1
Q32C_3,1267,"Q32C. (EXPLANATION PROVIDED FOR PAC AND STAC) There are two different codes you could have requested from your previous mobile service provider, which of the following did you request?",Nominal,Input,8,Right,F1,F1
Q32C_4,1268,"Q32C. (EXPLANATION PROVIDED FOR PAC AND STAC) There are two different codes you could have requested from your previous mobile service provider, which of the following did you request?",Nominal,Input,8,Right,F1,F1
Q32C_5,1269,"Q32C. (EXPLANATION PROVIDED FOR PAC AND STAC) There are two different codes you could have requested from your previous mobile service provider, which of the following did you request?",Nominal,Input,8,Right,F1,F1
Q32C_6,1270,"Q32C. (EXPLANATION PROVIDED FOR PAC AND STAC) There are two different codes you could have requested from your previous mobile service provider, which of the following did you request?",Nominal,Input,8,Right,F1,F1
Q32D_1,1271,"Q32D. You said you requested a Service Termination Code (STAC), did you give this code to your new provider?",Nominal,Input,8,Right,F1,F1
Q32D_2,1272,"Q32D. You said you requested a Service Termination Code (STAC), did you give this code to your new provider?",Nominal,Input,8,Right,F1,F1
Q32D_3,1273,"Q32D. You said you requested a Service Termination Code (STAC), did you give this code to your new provider?",Nominal,Input,8,Right,F1,F1
Q32D_4,1274,"Q32D. You said you requested a Service Termination Code (STAC), did you give this code to your new provider?",Nominal,Input,8,Right,F1,F1
Q32D_5,1275,"Q32D. You said you requested a Service Termination Code (STAC), did you give this code to your new provider?",Nominal,Input,8,Right,F1,F1
Q32D_6,1276,"Q32D. You said you requested a Service Termination Code (STAC), did you give this code to your new provider?",Nominal,Input,8,Right,F1,F1
Q32E_1A,1277,Q32E. How did you request the Service Termination Code (STAC)?: By text,Nominal,Input,8,Right,F1,F1
Q32E_1B,1278,Q32E. How did you request the Service Termination Code (STAC)?: Through an online account,Nominal,Input,8,Right,F1,F1
Q32E_1C,1279,Q32E. How did you request the Service Termination Code (STAC)?: By phone,Nominal,Input,8,Right,F1,F1
Q32E_1D,1280,Q32E. How did you request the Service Termination Code (STAC)?: In store,Nominal,Input,8,Right,F1,F1
Q32E_1E,1281,Q32E. How did you request the Service Termination Code (STAC)?: Some other way,Nominal,Input,8,Right,F1,F1
Q32E_1F,1282,Q32E. How did you request the Service Termination Code (STAC)?: Don’t know,Nominal,Input,8,Right,F1,F1
Q32E_2A,1283,Q32E. How did you request the Service Termination Code (STAC)?: By text,Nominal,Input,8,Right,F1,F1
Q32E_2B,1284,Q32E. How did you request the Service Termination Code (STAC)?: Through an online account,Nominal,Input,8,Right,F1,F1
Q32E_2C,1285,Q32E. How did you request the Service Termination Code (STAC)?: By phone,Nominal,Input,8,Right,F1,F1
Q32E_2D,1286,Q32E. How did you request the Service Termination Code (STAC)?: In store,Nominal,Input,8,Right,F1,F1
Q32E_2E,1287,Q32E. How did you request the Service Termination Code (STAC)?: Some other way,Nominal,Input,8,Right,F1,F1
Q32E_2F,1288,Q32E. How did you request the Service Termination Code (STAC)?: Don’t know,Nominal,Input,8,Right,F1,F1
Q32E_3A,1289,Q32E. How did you request the Service Termination Code (STAC)?: By text,Nominal,Input,8,Right,F1,F1
Q32E_3B,1290,Q32E. How did you request the Service Termination Code (STAC)?: Through an online account,Nominal,Input,8,Right,F1,F1
Q32E_3C,1291,Q32E. How did you request the Service Termination Code (STAC)?: By phone,Nominal,Input,8,Right,F1,F1
Q32E_3D,1292,Q32E. How did you request the Service Termination Code (STAC)?: In store,Nominal,Input,8,Right,F1,F1
Q32E_3E,1293,Q32E. How did you request the Service Termination Code (STAC)?: Some other way,Nominal,Input,8,Right,F1,F1
Q32E_3F,1294,Q32E. How did you request the Service Termination Code (STAC)?: Don’t know,Nominal,Input,8,Right,F1,F1
Q32E_4A,1295,Q32E. How did you request the Service Termination Code (STAC)?: By text,Nominal,Input,8,Right,F1,F1
Q32E_4B,1296,Q32E. How did you request the Service Termination Code (STAC)?: Through an online account,Nominal,Input,8,Right,F1,F1
Q32E_4C,1297,Q32E. How did you request the Service Termination Code (STAC)?: By phone,Nominal,Input,8,Right,F1,F1
Q32E_4D,1298,Q32E. How did you request the Service Termination Code (STAC)?: In store,Nominal,Input,8,Right,F1,F1
Q32E_4E,1299,Q32E. How did you request the Service Termination Code (STAC)?: Some other way,Nominal,Input,8,Right,F1,F1
Q32E_4F,1300,Q32E. How did you request the Service Termination Code (STAC)?: Don’t know,Nominal,Input,8,Right,F1,F1
Q32E_5A,1301,Q32E. How did you request the Service Termination Code (STAC)?: By text,Nominal,Input,8,Right,F1,F1
Q32E_5B,1302,Q32E. How did you request the Service Termination Code (STAC)?: Through an online account,Nominal,Input,8,Right,F1,F1
Q32E_5C,1303,Q32E. How did you request the Service Termination Code (STAC)?: By phone,Nominal,Input,8,Right,F1,F1
Q32E_5D,1304,Q32E. How did you request the Service Termination Code (STAC)?: In store,Nominal,Input,8,Right,F1,F1
Q32E_5E,1305,Q32E. How did you request the Service Termination Code (STAC)?: Some other way,Nominal,Input,8,Right,F1,F1
Q32E_5F,1306,Q32E. How did you request the Service Termination Code (STAC)?: Don’t know,Nominal,Input,8,Right,F1,F1
Q32E_6A,1307,Q32E. How did you request the Service Termination Code (STAC)?: By text,Nominal,Input,8,Right,F1,F1
Q32E_6B,1308,Q32E. How did you request the Service Termination Code (STAC)?: Through an online account,Nominal,Input,8,Right,F1,F1
Q32E_6C,1309,Q32E. How did you request the Service Termination Code (STAC)?: By phone,Nominal,Input,8,Right,F1,F1
Q32E_6D,1310,Q32E. How did you request the Service Termination Code (STAC)?: In store,Nominal,Input,8,Right,F1,F1
Q32E_6E,1311,Q32E. How did you request the Service Termination Code (STAC)?: Some other way,Nominal,Input,8,Right,F1,F1
Q32E_6F,1312,Q32E. How did you request the Service Termination Code (STAC)?: Don’t know,Nominal,Input,8,Right,F1,F1
Q32F_1A,1313,Q32F. How did you request the Port Authorisation Code (PAC)?: By text,Nominal,Input,8,Right,F1,F1
Q32F_1B,1314,Q32F. How did you request the Port Authorisation Code (PAC)?: Through an online account,Nominal,Input,8,Right,F1,F1
Q32F_1C,1315,Q32F. How did you request the Port Authorisation Code (PAC)?: By phone,Nominal,Input,8,Right,F1,F1
Q32F_1D,1316,Q32F. How did you request the Port Authorisation Code (PAC)?: In store,Nominal,Input,8,Right,F1,F1
Q32F_1E,1317,Q32F. How did you request the Port Authorisation Code (PAC)?: Some other way,Nominal,Input,8,Right,F1,F1
Q32F_1F,1318,Q32F. How did you request the Port Authorisation Code (PAC)?: Don’t know,Nominal,Input,8,Right,F1,F1
Q32F_2A,1319,Q32F. How did you request the Port Authorisation Code (PAC)?: By text,Nominal,Input,8,Right,F1,F1
Q32F_2B,1320,Q32F. How did you request the Port Authorisation Code (PAC)?: Through an online account,Nominal,Input,8,Right,F1,F1
Q32F_2C,1321,Q32F. How did you request the Port Authorisation Code (PAC)?: By phone,Nominal,Input,8,Right,F1,F1
Q32F_2D,1322,Q32F. How did you request the Port Authorisation Code (PAC)?: In store,Nominal,Input,8,Right,F1,F1
Q32F_2E,1323,Q32F. How did you request the Port Authorisation Code (PAC)?: Some other way,Nominal,Input,8,Right,F1,F1
Q32F_2F,1324,Q32F. How did you request the Port Authorisation Code (PAC)?: Don’t know,Nominal,Input,8,Right,F1,F1
Q32F_3A,1325,Q32F. How did you request the Port Authorisation Code (PAC)?: By text,Nominal,Input,8,Right,F1,F1
Q32F_3B,1326,Q32F. How did you request the Port Authorisation Code (PAC)?: Through an online account,Nominal,Input,8,Right,F1,F1
Q32F_3C,1327,Q32F. How did you request the Port Authorisation Code (PAC)?: By phone,Nominal,Input,8,Right,F1,F1
Q32F_3D,1328,Q32F. How did you request the Port Authorisation Code (PAC)?: In store,Nominal,Input,8,Right,F1,F1
Q32F_3E,1329,Q32F. How did you request the Port Authorisation Code (PAC)?: Some other way,Nominal,Input,8,Right,F1,F1
Q32F_3F,1330,Q32F. How did you request the Port Authorisation Code (PAC)?: Don’t know,Nominal,Input,8,Right,F1,F1
Q32F_4A,1331,Q32F. How did you request the Port Authorisation Code (PAC)?: By text,Nominal,Input,8,Right,F1,F1
Q32F_4B,1332,Q32F. How did you request the Port Authorisation Code (PAC)?: Through an online account,Nominal,Input,8,Right,F1,F1
Q32F_4C,1333,Q32F. How did you request the Port Authorisation Code (PAC)?: By phone,Nominal,Input,8,Right,F1,F1
Q32F_4D,1334,Q32F. How did you request the Port Authorisation Code (PAC)?: In store,Nominal,Input,8,Right,F1,F1
Q32F_4E,1335,Q32F. How did you request the Port Authorisation Code (PAC)?: Some other way,Nominal,Input,8,Right,F1,F1
Q32F_4F,1336,Q32F. How did you request the Port Authorisation Code (PAC)?: Don’t know,Nominal,Input,8,Right,F1,F1
Q32F_5A,1337,Q32F. How did you request the Port Authorisation Code (PAC)?: By text,Nominal,Input,8,Right,F1,F1
Q32F_5B,1338,Q32F. How did you request the Port Authorisation Code (PAC)?: Through an online account,Nominal,Input,8,Right,F1,F1
Q32F_5C,1339,Q32F. How did you request the Port Authorisation Code (PAC)?: By phone,Nominal,Input,8,Right,F1,F1
Q32F_5D,1340,Q32F. How did you request the Port Authorisation Code (PAC)?: In store,Nominal,Input,8,Right,F1,F1
Q32F_5E,1341,Q32F. How did you request the Port Authorisation Code (PAC)?: Some other way,Nominal,Input,8,Right,F1,F1
Q32F_5F,1342,Q32F. How did you request the Port Authorisation Code (PAC)?: Don’t know,Nominal,Input,8,Right,F1,F1
Q32F_6A,1343,Q32F. How did you request the Port Authorisation Code (PAC)?: By text,Nominal,Input,8,Right,F1,F1
Q32F_6B,1344,Q32F. How did you request the Port Authorisation Code (PAC)?: Through an online account,Nominal,Input,8,Right,F1,F1
Q32F_6C,1345,Q32F. How did you request the Port Authorisation Code (PAC)?: By phone,Nominal,Input,8,Right,F1,F1
Q32F_6D,1346,Q32F. How did you request the Port Authorisation Code (PAC)?: In store,Nominal,Input,8,Right,F1,F1
Q32F_6E,1347,Q32F. How did you request the Port Authorisation Code (PAC)?: Some other way,Nominal,Input,8,Right,F1,F1
Q32F_6F,1348,Q32F. How did you request the Port Authorisation Code (PAC)?: Don’t know,Nominal,Input,8,Right,F1,F1
Q33A_1,1349,"Q33A. In the last 12 months, have you received notification from (PROVIDER) about the status of your contract for your (SERVICE/S)? (IF SWITCHED A SERVICE IN THE LAST 12 MONTHS This may have been from your previous provider (OLD PROVIDER/S) before you s...",Nominal,Input,8,Right,F1,F1
Q33A_2,1350,"Q33A. In the last 12 months, have you received notification from (PROVIDER) about the status of your contract for your (SERVICE/S)? (IF SWITCHED A SERVICE IN THE LAST 12 MONTHS This may have been from your previous provider (OLD PROVIDER/S) before you s...",Nominal,Input,8,Right,F1,F1
Q33A_3,1351,"Q33A. In the last 12 months, have you received notification from (PROVIDER) about the status of your contract for your (SERVICE/S)? (IF SWITCHED A SERVICE IN THE LAST 12 MONTHS This may have been from your previous provider (OLD PROVIDER/S) before you s...",Nominal,Input,8,Right,F1,F1
Q33A_4,1352,"Q33A. In the last 12 months, have you received notification from (PROVIDER) about the status of your contract for your (SERVICE/S)? (IF SWITCHED A SERVICE IN THE LAST 12 MONTHS This may have been from your previous provider (OLD PROVIDER/S) before you s...",Nominal,Input,8,Right,F1,F1
Q33A_5,1353,"Q33A. In the last 12 months, have you received notification from (PROVIDER) about the status of your contract for your (SERVICE/S)? (IF SWITCHED A SERVICE IN THE LAST 12 MONTHS This may have been from your previous provider (OLD PROVIDER/S) before you s...",Nominal,Input,8,Right,F1,F1
Q33A_6,1354,"Q33A. In the last 12 months, have you received notification from (PROVIDER) about the status of your contract for your (SERVICE/S)? (IF SWITCHED A SERVICE IN THE LAST 12 MONTHS This may have been from your previous provider (OLD PROVIDER/S) before you s...",Nominal,Input,8,Right,F1,F1
Q33B_1A,1355,Q33B. Which of the following – if any – did you do as a result of receiving this information from your provider at that time?: Looked into deals with my existing provider at that time,Nominal,Input,8,Right,F1,F1
Q33B_1B,1356,Q33B. Which of the following – if any – did you do as a result of receiving this information from your provider at that time?: Looked into deals with alternative provider/s,Nominal,Input,8,Right,F1,F1
Q33B_1C,1357,Q33B. Which of the following – if any – did you do as a result of receiving this information from your provider at that time?: Contacted my existing provider at that time,Nominal,Input,8,Right,F1,F1
Q33B_1D,1358,Q33B. Which of the following – if any – did you do as a result of receiving this information from your provider at that time?: Contacted alternative provider/s,Nominal,Input,8,Right,F1,F1
Q33B_1E,1359,Q33B. Which of the following – if any – did you do as a result of receiving this information from your provider at that time?: Signed up for a contract with my existing provider at that time,Nominal,Input,8,Right,F1,F1
Q33B_1F,1360,Q33B. Which of the following – if any – did you do as a result of receiving this information from your provider at that time?: Signed up for a contract with an alternative provider,Nominal,Input,8,Right,F1,F1
Q33B_1G,1361,Q33B. Which of the following – if any – did you do as a result of receiving this information from your provider at that time?: Something else,Nominal,Input,8,Right,F1,F1
Q33B_1H,1362,Q33B. Which of the following – if any – did you do as a result of receiving this information from your provider at that time?: I did not take any action,Nominal,Input,8,Right,F1,F1
Q33B_1I,1363,Q33B. Which of the following – if any – did you do as a result of receiving this information from your provider at that time?: Can’t remember,Nominal,Input,8,Right,F1,F1
Q33B_2A,1364,Q33B. Which of the following – if any – did you do as a result of receiving this information from your provider at that time?: Looked into deals with my existing provider at that time,Nominal,Input,8,Right,F1,F1
Q33B_2B,1365,Q33B. Which of the following – if any – did you do as a result of receiving this information from your provider at that time?: Looked into deals with alternative provider/s,Nominal,Input,8,Right,F1,F1
Q33B_2C,1366,Q33B. Which of the following – if any – did you do as a result of receiving this information from your provider at that time?: Contacted my existing provider at that time,Nominal,Input,8,Right,F1,F1
Q33B_2D,1367,Q33B. Which of the following – if any – did you do as a result of receiving this information from your provider at that time?: Contacted alternative provider/s,Nominal,Input,8,Right,F1,F1
Q33B_2E,1368,Q33B. Which of the following – if any – did you do as a result of receiving this information from your provider at that time?: Signed up for a contract with my existing provider at that time,Nominal,Input,8,Right,F1,F1
Q33B_2F,1369,Q33B. Which of the following – if any – did you do as a result of receiving this information from your provider at that time?: Signed up for a contract with an alternative provider,Nominal,Input,8,Right,F1,F1
Q33B_2G,1370,Q33B. Which of the following – if any – did you do as a result of receiving this information from your provider at that time?: Something else,Nominal,Input,8,Right,F1,F1
Q33B_2H,1371,Q33B. Which of the following – if any – did you do as a result of receiving this information from your provider at that time?: I did not take any action,Nominal,Input,8,Right,F1,F1
Q33B_2I,1372,Q33B. Which of the following – if any – did you do as a result of receiving this information from your provider at that time?: Can’t remember,Nominal,Input,8,Right,F1,F1
Q33B_3A,1373,Q33B. Which of the following – if any – did you do as a result of receiving this information from your provider at that time?: Looked into deals with my existing provider at that time,Nominal,Input,8,Right,F1,F1
Q33B_3B,1374,Q33B. Which of the following – if any – did you do as a result of receiving this information from your provider at that time?: Looked into deals with alternative provider/s,Nominal,Input,8,Right,F1,F1
Q33B_3C,1375,Q33B. Which of the following – if any – did you do as a result of receiving this information from your provider at that time?: Contacted my existing provider at that time,Nominal,Input,8,Right,F1,F1
Q33B_3D,1376,Q33B. Which of the following – if any – did you do as a result of receiving this information from your provider at that time?: Contacted alternative provider/s,Nominal,Input,8,Right,F1,F1
Q33B_3E,1377,Q33B. Which of the following – if any – did you do as a result of receiving this information from your provider at that time?: Signed up for a contract with my existing provider at that time,Nominal,Input,8,Right,F1,F1
Q33B_3F,1378,Q33B. Which of the following – if any – did you do as a result of receiving this information from your provider at that time?: Signed up for a contract with an alternative provider,Nominal,Input,8,Right,F1,F1
Q33B_3G,1379,Q33B. Which of the following – if any – did you do as a result of receiving this information from your provider at that time?: Something else,Nominal,Input,8,Right,F1,F1
Q33B_3H,1380,Q33B. Which of the following – if any – did you do as a result of receiving this information from your provider at that time?: I did not take any action,Nominal,Input,8,Right,F1,F1
Q33B_3I,1381,Q33B. Which of the following – if any – did you do as a result of receiving this information from your provider at that time?: Can’t remember,Nominal,Input,8,Right,F1,F1
Q33B_4A,1382,Q33B. Which of the following – if any – did you do as a result of receiving this information from your provider at that time?: Looked into deals with my existing provider at that time,Nominal,Input,8,Right,F1,F1
Q33B_4B,1383,Q33B. Which of the following – if any – did you do as a result of receiving this information from your provider at that time?: Looked into deals with alternative provider/s,Nominal,Input,8,Right,F1,F1
Q33B_4C,1384,Q33B. Which of the following – if any – did you do as a result of receiving this information from your provider at that time?: Contacted my existing provider at that time,Nominal,Input,8,Right,F1,F1
Q33B_4D,1385,Q33B. Which of the following – if any – did you do as a result of receiving this information from your provider at that time?: Contacted alternative provider/s,Nominal,Input,8,Right,F1,F1
Q33B_4E,1386,Q33B. Which of the following – if any – did you do as a result of receiving this information from your provider at that time?: Signed up for a contract with my existing provider at that time,Nominal,Input,8,Right,F1,F1
Q33B_4F,1387,Q33B. Which of the following – if any – did you do as a result of receiving this information from your provider at that time?: Signed up for a contract with an alternative provider,Nominal,Input,8,Right,F1,F1
Q33B_4G,1388,Q33B. Which of the following – if any – did you do as a result of receiving this information from your provider at that time?: Something else,Nominal,Input,8,Right,F1,F1
Q33B_4H,1389,Q33B. Which of the following – if any – did you do as a result of receiving this information from your provider at that time?: I did not take any action,Nominal,Input,8,Right,F1,F1
Q33B_4I,1390,Q33B. Which of the following – if any – did you do as a result of receiving this information from your provider at that time?: Can’t remember,Nominal,Input,8,Right,F1,F1
Q33B_5A,1391,Q33B. Which of the following – if any – did you do as a result of receiving this information from your provider at that time?: Looked into deals with my existing provider at that time,Nominal,Input,8,Right,F1,F1
Q33B_5B,1392,Q33B. Which of the following – if any – did you do as a result of receiving this information from your provider at that time?: Looked into deals with alternative provider/s,Nominal,Input,8,Right,F1,F1
Q33B_5C,1393,Q33B. Which of the following – if any – did you do as a result of receiving this information from your provider at that time?: Contacted my existing provider at that time,Nominal,Input,8,Right,F1,F1
Q33B_5D,1394,Q33B. Which of the following – if any – did you do as a result of receiving this information from your provider at that time?: Contacted alternative provider/s,Nominal,Input,8,Right,F1,F1
Q33B_5E,1395,Q33B. Which of the following – if any – did you do as a result of receiving this information from your provider at that time?: Signed up for a contract with my existing provider at that time,Nominal,Input,8,Right,F1,F1
Q33B_5F,1396,Q33B. Which of the following – if any – did you do as a result of receiving this information from your provider at that time?: Signed up for a contract with an alternative provider,Nominal,Input,8,Right,F1,F1
Q33B_5G,1397,Q33B. Which of the following – if any – did you do as a result of receiving this information from your provider at that time?: Something else,Nominal,Input,8,Right,F1,F1
Q33B_5H,1398,Q33B. Which of the following – if any – did you do as a result of receiving this information from your provider at that time?: I did not take any action,Nominal,Input,8,Right,F1,F1
Q33B_5I,1399,Q33B. Which of the following – if any – did you do as a result of receiving this information from your provider at that time?: Can’t remember,Nominal,Input,8,Right,F1,F1
Q33B_6A,1400,Q33B. Which of the following – if any – did you do as a result of receiving this information from your provider at that time?: Looked into deals with my existing provider at that time,Nominal,Input,8,Right,F1,F1
Q33B_6B,1401,Q33B. Which of the following – if any – did you do as a result of receiving this information from your provider at that time?: Looked into deals with alternative provider/s,Nominal,Input,8,Right,F1,F1
Q33B_6C,1402,Q33B. Which of the following – if any – did you do as a result of receiving this information from your provider at that time?: Contacted my existing provider at that time,Nominal,Input,8,Right,F1,F1
Q33B_6D,1403,Q33B. Which of the following – if any – did you do as a result of receiving this information from your provider at that time?: Contacted alternative provider/s,Nominal,Input,8,Right,F1,F1
Q33B_6E,1404,Q33B. Which of the following – if any – did you do as a result of receiving this information from your provider at that time?: Signed up for a contract with my existing provider at that time,Nominal,Input,8,Right,F1,F1
Q33B_6F,1405,Q33B. Which of the following – if any – did you do as a result of receiving this information from your provider at that time?: Signed up for a contract with an alternative provider,Nominal,Input,8,Right,F1,F1
Q33B_6G,1406,Q33B. Which of the following – if any – did you do as a result of receiving this information from your provider at that time?: Something else,Nominal,Input,8,Right,F1,F1
Q33B_6H,1407,Q33B. Which of the following – if any – did you do as a result of receiving this information from your provider at that time?: I did not take any action,Nominal,Input,8,Right,F1,F1
Q33B_6I,1408,Q33B. Which of the following – if any – did you do as a result of receiving this information from your provider at that time?: Can’t remember,Nominal,Input,8,Right,F1,F1
Q33_1_1A,1409,"Q33 - Statement A. To what extent do you agree or disagree - ""The savings I could make on my (SERVICE) would be too low to make it worth spending time looking for a better deal"": Agree strongly",Nominal,Input,8,Right,F1,F1
Q33_1_1B,1410,"Q33 - Statement A. To what extent do you agree or disagree - ""The savings I could make on my (SERVICE) would be too low to make it worth spending time looking for a better deal"": Agree slightly",Nominal,Input,8,Right,F1,F1
Q33_1_1C,1411,"Q33 - Statement A. To what extent do you agree or disagree - ""The savings I could make on my (SERVICE) would be too low to make it worth spending time looking for a better deal"": Disagree slightly",Nominal,Input,8,Right,F1,F1
Q33_1_1D,1412,"Q33 - Statement A. To what extent do you agree or disagree - ""The savings I could make on my (SERVICE) would be too low to make it worth spending time looking for a better deal"": Disagree strongly",Nominal,Input,8,Right,F1,F1
Q33_1_1E,1413,"Q33 - Statement A. To what extent do you agree or disagree - ""The savings I could make on my (SERVICE) would be too low to make it worth spending time looking for a better deal"": Don’t know",Nominal,Input,8,Right,F1,F1
Q33_1_1F,1414,"Q33 - Statement A. To what extent do you agree or disagree - ""The savings I could make on my (SERVICE) would be too low to make it worth spending time looking for a better deal"": TOTAL AGREE",Nominal,Input,8,Right,F1,F1
Q33_1_1G,1415,"Q33 - Statement A. To what extent do you agree or disagree - ""The savings I could make on my (SERVICE) would be too low to make it worth spending time looking for a better deal"": TOTAL DISAGREE",Nominal,Input,8,Right,F1,F1
Q33_1_2A,1416,"Q33 - Statement B. To what extent do you agree or disagree - ""The amount I pay for my (SERVICE) is small, compared with my other monthly household bills"": Agree strongly",Nominal,Input,8,Right,F1,F1
Q33_1_2B,1417,"Q33 - Statement B. To what extent do you agree or disagree - ""The amount I pay for my (SERVICE) is small, compared with my other monthly household bills"": Agree slightly",Nominal,Input,8,Right,F1,F1
Q33_1_2C,1418,"Q33 - Statement B. To what extent do you agree or disagree - ""The amount I pay for my (SERVICE) is small, compared with my other monthly household bills"": Disagree slightly",Nominal,Input,8,Right,F1,F1
Q33_1_2D,1419,"Q33 - Statement B. To what extent do you agree or disagree - ""The amount I pay for my (SERVICE) is small, compared with my other monthly household bills"": Disagree strongly",Nominal,Input,8,Right,F1,F1
Q33_1_2E,1420,"Q33 - Statement B. To what extent do you agree or disagree - ""The amount I pay for my (SERVICE) is small, compared with my other monthly household bills"": Don’t know",Nominal,Input,8,Right,F1,F1
Q33_1_2F,1421,"Q33 - Statement B. To what extent do you agree or disagree - ""The amount I pay for my (SERVICE) is small, compared with my other monthly household bills"": TOTAL AGREE",Nominal,Input,8,Right,F1,F1
Q33_1_2G,1422,"Q33 - Statement B. To what extent do you agree or disagree - ""The amount I pay for my (SERVICE) is small, compared with my other monthly household bills"": TOTAL DISAGREE",Nominal,Input,8,Right,F1,F1
Q33_1_3A,1423,"Q33 - Statement C. To what extent do you agree or disagree - ""Even if I could save money by getting a different deal for my (SERVICE), I am happy enough with my current deal"": Agree strongly",Nominal,Input,8,Right,F1,F1
Q33_1_3B,1424,"Q33 - Statement C. To what extent do you agree or disagree - ""Even if I could save money by getting a different deal for my (SERVICE), I am happy enough with my current deal"": Agree slightly",Nominal,Input,8,Right,F1,F1
Q33_1_3C,1425,"Q33 - Statement C. To what extent do you agree or disagree - ""Even if I could save money by getting a different deal for my (SERVICE), I am happy enough with my current deal"": Disagree slightly",Nominal,Input,8,Right,F1,F1
Q33_1_3D,1426,"Q33 - Statement C. To what extent do you agree or disagree - ""Even if I could save money by getting a different deal for my (SERVICE), I am happy enough with my current deal"": Disagree strongly",Nominal,Input,8,Right,F1,F1
Q33_1_3E,1427,"Q33 - Statement C. To what extent do you agree or disagree - ""Even if I could save money by getting a different deal for my (SERVICE), I am happy enough with my current deal"": Don’t know",Nominal,Input,8,Right,F1,F1
Q33_1_3F,1428,"Q33 - Statement C. To what extent do you agree or disagree - ""Even if I could save money by getting a different deal for my (SERVICE), I am happy enough with my current deal"": TOTAL AGREE",Nominal,Input,8,Right,F1,F1
Q33_1_3G,1429,"Q33 - Statement C. To what extent do you agree or disagree - ""Even if I could save money by getting a different deal for my (SERVICE), I am happy enough with my current deal"": TOTAL DISAGREE",Nominal,Input,8,Right,F1,F1
Q33_1_4A,1430,"Q33 - Statement D. To what extent do you agree or disagree - ""I would like to save money on my (SERVICE) but I don’t have time to look into different deals"": Agree strongly",Nominal,Input,8,Right,F1,F1
Q33_1_4B,1431,"Q33 - Statement D. To what extent do you agree or disagree - ""I would like to save money on my (SERVICE) but I don’t have time to look into different deals"": Agree slightly",Nominal,Input,8,Right,F1,F1
Q33_1_4C,1432,"Q33 - Statement D. To what extent do you agree or disagree - ""I would like to save money on my (SERVICE) but I don’t have time to look into different deals"": Disagree slightly",Nominal,Input,8,Right,F1,F1
Q33_1_4D,1433,"Q33 - Statement D. To what extent do you agree or disagree - ""I would like to save money on my (SERVICE) but I don’t have time to look into different deals"": Disagree strongly",Nominal,Input,8,Right,F1,F1
Q33_1_4E,1434,"Q33 - Statement D. To what extent do you agree or disagree - ""I would like to save money on my (SERVICE) but I don’t have time to look into different deals"": Don’t know",Nominal,Input,8,Right,F1,F1
Q33_1_4F,1435,"Q33 - Statement D. To what extent do you agree or disagree - ""I would like to save money on my (SERVICE) but I don’t have time to look into different deals"": TOTAL AGREE",Nominal,Input,8,Right,F1,F1
Q33_1_4G,1436,"Q33 - Statement D. To what extent do you agree or disagree - ""I would like to save money on my (SERVICE) but I don’t have time to look into different deals"": TOTAL DISAGREE",Nominal,Input,8,Right,F1,F1
Q33_2_1A,1437,"Q33 - Statement A. To what extent do you agree or disagree - ""The savings I could make on my (SERVICE) would be too low to make it worth spending time looking for a better deal"": Agree strongly",Nominal,Input,8,Right,F1,F1
Q33_2_1B,1438,"Q33 - Statement A. To what extent do you agree or disagree - ""The savings I could make on my (SERVICE) would be too low to make it worth spending time looking for a better deal"": Agree slightly",Nominal,Input,8,Right,F1,F1
Q33_2_1C,1439,"Q33 - Statement A. To what extent do you agree or disagree - ""The savings I could make on my (SERVICE) would be too low to make it worth spending time looking for a better deal"": Disagree slightly",Nominal,Input,8,Right,F1,F1
Q33_2_1D,1440,"Q33 - Statement A. To what extent do you agree or disagree - ""The savings I could make on my (SERVICE) would be too low to make it worth spending time looking for a better deal"": Disagree strongly",Nominal,Input,8,Right,F1,F1
Q33_2_1E,1441,"Q33 - Statement A. To what extent do you agree or disagree - ""The savings I could make on my (SERVICE) would be too low to make it worth spending time looking for a better deal"": Don’t know",Nominal,Input,8,Right,F1,F1
Q33_2_1F,1442,"Q33 - Statement A. To what extent do you agree or disagree - ""The savings I could make on my (SERVICE) would be too low to make it worth spending time looking for a better deal"": TOTAL AGREE",Nominal,Input,8,Right,F1,F1
Q33_2_1G,1443,"Q33 - Statement A. To what extent do you agree or disagree - ""The savings I could make on my (SERVICE) would be too low to make it worth spending time looking for a better deal"": TOTAL DISAGREE",Nominal,Input,8,Right,F1,F1
Q33_2_2A,1444,"Q33 - Statement B. To what extent do you agree or disagree - ""The amount I pay for my (SERVICE) is small, compared with my other monthly household bills"": Agree strongly",Nominal,Input,8,Right,F1,F1
Q33_2_2B,1445,"Q33 - Statement B. To what extent do you agree or disagree - ""The amount I pay for my (SERVICE) is small, compared with my other monthly household bills"": Agree slightly",Nominal,Input,8,Right,F1,F1
Q33_2_2C,1446,"Q33 - Statement B. To what extent do you agree or disagree - ""The amount I pay for my (SERVICE) is small, compared with my other monthly household bills"": Disagree slightly",Nominal,Input,8,Right,F1,F1
Q33_2_2D,1447,"Q33 - Statement B. To what extent do you agree or disagree - ""The amount I pay for my (SERVICE) is small, compared with my other monthly household bills"": Disagree strongly",Nominal,Input,8,Right,F1,F1
Q33_2_2E,1448,"Q33 - Statement B. To what extent do you agree or disagree - ""The amount I pay for my (SERVICE) is small, compared with my other monthly household bills"": Don’t know",Nominal,Input,8,Right,F1,F1
Q33_2_2F,1449,"Q33 - Statement B. To what extent do you agree or disagree - ""The amount I pay for my (SERVICE) is small, compared with my other monthly household bills"": TOTAL AGREE",Nominal,Input,8,Right,F1,F1
Q33_2_2G,1450,"Q33 - Statement B. To what extent do you agree or disagree - ""The amount I pay for my (SERVICE) is small, compared with my other monthly household bills"": TOTAL DISAGREE",Nominal,Input,8,Right,F1,F1
Q33_2_3A,1451,"Q33 - Statement C. To what extent do you agree or disagree - ""Even if I could save money by getting a different deal for my (SERVICE), I am happy enough with my current deal"": Agree strongly",Nominal,Input,8,Right,F1,F1
Q33_2_3B,1452,"Q33 - Statement C. To what extent do you agree or disagree - ""Even if I could save money by getting a different deal for my (SERVICE), I am happy enough with my current deal"": Agree slightly",Nominal,Input,8,Right,F1,F1
Q33_2_3C,1453,"Q33 - Statement C. To what extent do you agree or disagree - ""Even if I could save money by getting a different deal for my (SERVICE), I am happy enough with my current deal"": Disagree slightly",Nominal,Input,8,Right,F1,F1
Q33_2_3D,1454,"Q33 - Statement C. To what extent do you agree or disagree - ""Even if I could save money by getting a different deal for my (SERVICE), I am happy enough with my current deal"": Disagree strongly",Nominal,Input,8,Right,F1,F1
Q33_2_3E,1455,"Q33 - Statement C. To what extent do you agree or disagree - ""Even if I could save money by getting a different deal for my (SERVICE), I am happy enough with my current deal"": Don’t know",Nominal,Input,8,Right,F1,F1
Q33_2_3F,1456,"Q33 - Statement C. To what extent do you agree or disagree - ""Even if I could save money by getting a different deal for my (SERVICE), I am happy enough with my current deal"": TOTAL AGREE",Nominal,Input,8,Right,F1,F1
Q33_2_3G,1457,"Q33 - Statement C. To what extent do you agree or disagree - ""Even if I could save money by getting a different deal for my (SERVICE), I am happy enough with my current deal"": TOTAL DISAGREE",Nominal,Input,8,Right,F1,F1
Q33_2_4A,1458,"Q33 - Statement D. To what extent do you agree or disagree - ""I would like to save money on my (SERVICE) but I don’t have time to look into different deals"": Agree strongly",Nominal,Input,8,Right,F1,F1
Q33_2_4B,1459,"Q33 - Statement D. To what extent do you agree or disagree - ""I would like to save money on my (SERVICE) but I don’t have time to look into different deals"": Agree slightly",Nominal,Input,8,Right,F1,F1
Q33_2_4C,1460,"Q33 - Statement D. To what extent do you agree or disagree - ""I would like to save money on my (SERVICE) but I don’t have time to look into different deals"": Disagree slightly",Nominal,Input,8,Right,F1,F1
Q33_2_4D,1461,"Q33 - Statement D. To what extent do you agree or disagree - ""I would like to save money on my (SERVICE) but I don’t have time to look into different deals"": Disagree strongly",Nominal,Input,8,Right,F1,F1
Q33_2_4E,1462,"Q33 - Statement D. To what extent do you agree or disagree - ""I would like to save money on my (SERVICE) but I don’t have time to look into different deals"": Don’t know",Nominal,Input,8,Right,F1,F1
Q33_2_4F,1463,"Q33 - Statement D. To what extent do you agree or disagree - ""I would like to save money on my (SERVICE) but I don’t have time to look into different deals"": TOTAL AGREE",Nominal,Input,8,Right,F1,F1
Q33_2_4G,1464,"Q33 - Statement D. To what extent do you agree or disagree - ""I would like to save money on my (SERVICE) but I don’t have time to look into different deals"": TOTAL DISAGREE",Nominal,Input,8,Right,F1,F1
Q33_3_1A,1465,"Q33 - Statement A. To what extent do you agree or disagree - ""The savings I could make on my (SERVICE) would be too low to make it worth spending time looking for a better deal"": Agree strongly",Nominal,Input,8,Right,F1,F1
Q33_3_1B,1466,"Q33 - Statement A. To what extent do you agree or disagree - ""The savings I could make on my (SERVICE) would be too low to make it worth spending time looking for a better deal"": Agree slightly",Nominal,Input,8,Right,F1,F1
Q33_3_1C,1467,"Q33 - Statement A. To what extent do you agree or disagree - ""The savings I could make on my (SERVICE) would be too low to make it worth spending time looking for a better deal"": Disagree slightly",Nominal,Input,8,Right,F1,F1
Q33_3_1D,1468,"Q33 - Statement A. To what extent do you agree or disagree - ""The savings I could make on my (SERVICE) would be too low to make it worth spending time looking for a better deal"": Disagree strongly",Nominal,Input,8,Right,F1,F1
Q33_3_1E,1469,"Q33 - Statement A. To what extent do you agree or disagree - ""The savings I could make on my (SERVICE) would be too low to make it worth spending time looking for a better deal"": Don’t know",Nominal,Input,8,Right,F1,F1
Q33_3_1F,1470,"Q33 - Statement A. To what extent do you agree or disagree - ""The savings I could make on my (SERVICE) would be too low to make it worth spending time looking for a better deal"": TOTAL AGREE",Nominal,Input,8,Right,F1,F1
Q33_3_1G,1471,"Q33 - Statement A. To what extent do you agree or disagree - ""The savings I could make on my (SERVICE) would be too low to make it worth spending time looking for a better deal"": TOTAL DISAGREE",Nominal,Input,8,Right,F1,F1
Q33_3_2A,1472,"Q33 - Statement B. To what extent do you agree or disagree - ""The amount I pay for my (SERVICE) is small, compared with my other monthly household bills"": Agree strongly",Nominal,Input,8,Right,F1,F1
Q33_3_2B,1473,"Q33 - Statement B. To what extent do you agree or disagree - ""The amount I pay for my (SERVICE) is small, compared with my other monthly household bills"": Agree slightly",Nominal,Input,8,Right,F1,F1
Q33_3_2C,1474,"Q33 - Statement B. To what extent do you agree or disagree - ""The amount I pay for my (SERVICE) is small, compared with my other monthly household bills"": Disagree slightly",Nominal,Input,8,Right,F1,F1
Q33_3_2D,1475,"Q33 - Statement B. To what extent do you agree or disagree - ""The amount I pay for my (SERVICE) is small, compared with my other monthly household bills"": Disagree strongly",Nominal,Input,8,Right,F1,F1
Q33_3_2E,1476,"Q33 - Statement B. To what extent do you agree or disagree - ""The amount I pay for my (SERVICE) is small, compared with my other monthly household bills"": Don’t know",Nominal,Input,8,Right,F1,F1
Q33_3_2F,1477,"Q33 - Statement B. To what extent do you agree or disagree - ""The amount I pay for my (SERVICE) is small, compared with my other monthly household bills"": TOTAL AGREE",Nominal,Input,8,Right,F1,F1
Q33_3_2G,1478,"Q33 - Statement B. To what extent do you agree or disagree - ""The amount I pay for my (SERVICE) is small, compared with my other monthly household bills"": TOTAL DISAGREE",Nominal,Input,8,Right,F1,F1
Q33_3_3A,1479,"Q33 - Statement C. To what extent do you agree or disagree - ""Even if I could save money by getting a different deal for my (SERVICE), I am happy enough with my current deal"": Agree strongly",Nominal,Input,8,Right,F1,F1
Q33_3_3B,1480,"Q33 - Statement C. To what extent do you agree or disagree - ""Even if I could save money by getting a different deal for my (SERVICE), I am happy enough with my current deal"": Agree slightly",Nominal,Input,8,Right,F1,F1
Q33_3_3C,1481,"Q33 - Statement C. To what extent do you agree or disagree - ""Even if I could save money by getting a different deal for my (SERVICE), I am happy enough with my current deal"": Disagree slightly",Nominal,Input,8,Right,F1,F1
Q33_3_3D,1482,"Q33 - Statement C. To what extent do you agree or disagree - ""Even if I could save money by getting a different deal for my (SERVICE), I am happy enough with my current deal"": Disagree strongly",Nominal,Input,8,Right,F1,F1
Q33_3_3E,1483,"Q33 - Statement C. To what extent do you agree or disagree - ""Even if I could save money by getting a different deal for my (SERVICE), I am happy enough with my current deal"": Don’t know",Nominal,Input,8,Right,F1,F1
Q33_3_3F,1484,"Q33 - Statement C. To what extent do you agree or disagree - ""Even if I could save money by getting a different deal for my (SERVICE), I am happy enough with my current deal"": TOTAL AGREE",Nominal,Input,8,Right,F1,F1
Q33_3_3G,1485,"Q33 - Statement C. To what extent do you agree or disagree - ""Even if I could save money by getting a different deal for my (SERVICE), I am happy enough with my current deal"": TOTAL DISAGREE",Nominal,Input,8,Right,F1,F1
Q33_3_4A,1486,"Q33 - Statement D. To what extent do you agree or disagree - ""I would like to save money on my (SERVICE) but I don’t have time to look into different deals"": Agree strongly",Nominal,Input,8,Right,F1,F1
Q33_3_4B,1487,"Q33 - Statement D. To what extent do you agree or disagree - ""I would like to save money on my (SERVICE) but I don’t have time to look into different deals"": Agree slightly",Nominal,Input,8,Right,F1,F1
Q33_3_4C,1488,"Q33 - Statement D. To what extent do you agree or disagree - ""I would like to save money on my (SERVICE) but I don’t have time to look into different deals"": Disagree slightly",Nominal,Input,8,Right,F1,F1
Q33_3_4D,1489,"Q33 - Statement D. To what extent do you agree or disagree - ""I would like to save money on my (SERVICE) but I don’t have time to look into different deals"": Disagree strongly",Nominal,Input,8,Right,F1,F1
Q33_3_4E,1490,"Q33 - Statement D. To what extent do you agree or disagree - ""I would like to save money on my (SERVICE) but I don’t have time to look into different deals"": Don’t know",Nominal,Input,8,Right,F1,F1
Q33_3_4F,1491,"Q33 - Statement D. To what extent do you agree or disagree - ""I would like to save money on my (SERVICE) but I don’t have time to look into different deals"": TOTAL AGREE",Nominal,Input,8,Right,F1,F1
Q33_3_4G,1492,"Q33 - Statement D. To what extent do you agree or disagree - ""I would like to save money on my (SERVICE) but I don’t have time to look into different deals"": TOTAL DISAGREE",Nominal,Input,8,Right,F1,F1
Q33_4_1A,1493,"Q33 - Statement A. To what extent do you agree or disagree - ""The savings I could make on my (SERVICE) would be too low to make it worth spending time looking for a better deal"": Agree strongly",Nominal,Input,8,Right,F1,F1
Q33_4_1B,1494,"Q33 - Statement A. To what extent do you agree or disagree - ""The savings I could make on my (SERVICE) would be too low to make it worth spending time looking for a better deal"": Agree slightly",Nominal,Input,8,Right,F1,F1
Q33_4_1C,1495,"Q33 - Statement A. To what extent do you agree or disagree - ""The savings I could make on my (SERVICE) would be too low to make it worth spending time looking for a better deal"": Disagree slightly",Nominal,Input,8,Right,F1,F1
Q33_4_1D,1496,"Q33 - Statement A. To what extent do you agree or disagree - ""The savings I could make on my (SERVICE) would be too low to make it worth spending time looking for a better deal"": Disagree strongly",Nominal,Input,8,Right,F1,F1
Q33_4_1E,1497,"Q33 - Statement A. To what extent do you agree or disagree - ""The savings I could make on my (SERVICE) would be too low to make it worth spending time looking for a better deal"": Don’t know",Nominal,Input,8,Right,F1,F1
Q33_4_1F,1498,"Q33 - Statement A. To what extent do you agree or disagree - ""The savings I could make on my (SERVICE) would be too low to make it worth spending time looking for a better deal"": TOTAL AGREE",Nominal,Input,8,Right,F1,F1
Q33_4_1G,1499,"Q33 - Statement A. To what extent do you agree or disagree - ""The savings I could make on my (SERVICE) would be too low to make it worth spending time looking for a better deal"": TOTAL DISAGREE",Nominal,Input,8,Right,F1,F1
Q33_4_2A,1500,"Q33 - Statement B. To what extent do you agree or disagree - ""The amount I pay for my (SERVICE) is small, compared with my other monthly household bills"": Agree strongly",Nominal,Input,8,Right,F1,F1
Q33_4_2B,1501,"Q33 - Statement B. To what extent do you agree or disagree - ""The amount I pay for my (SERVICE) is small, compared with my other monthly household bills"": Agree slightly",Nominal,Input,8,Right,F1,F1
Q33_4_2C,1502,"Q33 - Statement B. To what extent do you agree or disagree - ""The amount I pay for my (SERVICE) is small, compared with my other monthly household bills"": Disagree slightly",Nominal,Input,8,Right,F1,F1
Q33_4_2D,1503,"Q33 - Statement B. To what extent do you agree or disagree - ""The amount I pay for my (SERVICE) is small, compared with my other monthly household bills"": Disagree strongly",Nominal,Input,8,Right,F1,F1
Q33_4_2E,1504,"Q33 - Statement B. To what extent do you agree or disagree - ""The amount I pay for my (SERVICE) is small, compared with my other monthly household bills"": Don’t know",Nominal,Input,8,Right,F1,F1
Q33_4_2F,1505,"Q33 - Statement B. To what extent do you agree or disagree - ""The amount I pay for my (SERVICE) is small, compared with my other monthly household bills"": TOTAL AGREE",Nominal,Input,8,Right,F1,F1
Q33_4_2G,1506,"Q33 - Statement B. To what extent do you agree or disagree - ""The amount I pay for my (SERVICE) is small, compared with my other monthly household bills"": TOTAL DISAGREE",Nominal,Input,8,Right,F1,F1
Q33_4_3A,1507,"Q33 - Statement C. To what extent do you agree or disagree - ""Even if I could save money by getting a different deal for my (SERVICE), I am happy enough with my current deal"": Agree strongly",Nominal,Input,8,Right,F1,F1
Q33_4_3B,1508,"Q33 - Statement C. To what extent do you agree or disagree - ""Even if I could save money by getting a different deal for my (SERVICE), I am happy enough with my current deal"": Agree slightly",Nominal,Input,8,Right,F1,F1
Q33_4_3C,1509,"Q33 - Statement C. To what extent do you agree or disagree - ""Even if I could save money by getting a different deal for my (SERVICE), I am happy enough with my current deal"": Disagree slightly",Nominal,Input,8,Right,F1,F1
Q33_4_3D,1510,"Q33 - Statement C. To what extent do you agree or disagree - ""Even if I could save money by getting a different deal for my (SERVICE), I am happy enough with my current deal"": Disagree strongly",Nominal,Input,8,Right,F1,F1
Q33_4_3E,1511,"Q33 - Statement C. To what extent do you agree or disagree - ""Even if I could save money by getting a different deal for my (SERVICE), I am happy enough with my current deal"": Don’t know",Nominal,Input,8,Right,F1,F1
Q33_4_3F,1512,"Q33 - Statement C. To what extent do you agree or disagree - ""Even if I could save money by getting a different deal for my (SERVICE), I am happy enough with my current deal"": TOTAL AGREE",Nominal,Input,8,Right,F1,F1
Q33_4_3G,1513,"Q33 - Statement C. To what extent do you agree or disagree - ""Even if I could save money by getting a different deal for my (SERVICE), I am happy enough with my current deal"": TOTAL DISAGREE",Nominal,Input,8,Right,F1,F1
Q33_4_4A,1514,"Q33 - Statement D. To what extent do you agree or disagree - ""I would like to save money on my (SERVICE) but I don’t have time to look into different deals"": Agree strongly",Nominal,Input,8,Right,F1,F1
Q33_4_4B,1515,"Q33 - Statement D. To what extent do you agree or disagree - ""I would like to save money on my (SERVICE) but I don’t have time to look into different deals"": Agree slightly",Nominal,Input,8,Right,F1,F1
Q33_4_4C,1516,"Q33 - Statement D. To what extent do you agree or disagree - ""I would like to save money on my (SERVICE) but I don’t have time to look into different deals"": Disagree slightly",Nominal,Input,8,Right,F1,F1
Q33_4_4D,1517,"Q33 - Statement D. To what extent do you agree or disagree - ""I would like to save money on my (SERVICE) but I don’t have time to look into different deals"": Disagree strongly",Nominal,Input,8,Right,F1,F1
Q33_4_4E,1518,"Q33 - Statement D. To what extent do you agree or disagree - ""I would like to save money on my (SERVICE) but I don’t have time to look into different deals"": Don’t know",Nominal,Input,8,Right,F1,F1
Q33_4_4F,1519,"Q33 - Statement D. To what extent do you agree or disagree - ""I would like to save money on my (SERVICE) but I don’t have time to look into different deals"": TOTAL AGREE",Nominal,Input,8,Right,F1,F1
Q33_4_4G,1520,"Q33 - Statement D. To what extent do you agree or disagree - ""I would like to save money on my (SERVICE) but I don’t have time to look into different deals"": TOTAL DISAGREE",Nominal,Input,8,Right,F1,F1
Q33_5_1A,1521,"Q33 - Statement A. To what extent do you agree or disagree - ""The savings I could make on my (SERVICE) would be too low to make it worth spending time looking for a better deal"": Agree strongly",Nominal,Input,8,Right,F1,F1
Q33_5_1B,1522,"Q33 - Statement A. To what extent do you agree or disagree - ""The savings I could make on my (SERVICE) would be too low to make it worth spending time looking for a better deal"": Agree slightly",Nominal,Input,8,Right,F1,F1
Q33_5_1C,1523,"Q33 - Statement A. To what extent do you agree or disagree - ""The savings I could make on my (SERVICE) would be too low to make it worth spending time looking for a better deal"": Disagree slightly",Nominal,Input,8,Right,F1,F1
Q33_5_1D,1524,"Q33 - Statement A. To what extent do you agree or disagree - ""The savings I could make on my (SERVICE) would be too low to make it worth spending time looking for a better deal"": Disagree strongly",Nominal,Input,8,Right,F1,F1
Q33_5_1E,1525,"Q33 - Statement A. To what extent do you agree or disagree - ""The savings I could make on my (SERVICE) would be too low to make it worth spending time looking for a better deal"": Don’t know",Nominal,Input,8,Right,F1,F1
Q33_5_1F,1526,"Q33 - Statement A. To what extent do you agree or disagree - ""The savings I could make on my (SERVICE) would be too low to make it worth spending time looking for a better deal"": TOTAL AGREE",Nominal,Input,8,Right,F1,F1
Q33_5_1G,1527,"Q33 - Statement A. To what extent do you agree or disagree - ""The savings I could make on my (SERVICE) would be too low to make it worth spending time looking for a better deal"": TOTAL DISAGREE",Nominal,Input,8,Right,F1,F1
Q33_5_2A,1528,"Q33 - Statement B. To what extent do you agree or disagree - ""The amount I pay for my (SERVICE) is small, compared with my other monthly household bills"": Agree strongly",Nominal,Input,8,Right,F1,F1
Q33_5_2B,1529,"Q33 - Statement B. To what extent do you agree or disagree - ""The amount I pay for my (SERVICE) is small, compared with my other monthly household bills"": Agree slightly",Nominal,Input,8,Right,F1,F1
Q33_5_2C,1530,"Q33 - Statement B. To what extent do you agree or disagree - ""The amount I pay for my (SERVICE) is small, compared with my other monthly household bills"": Disagree slightly",Nominal,Input,8,Right,F1,F1
Q33_5_2D,1531,"Q33 - Statement B. To what extent do you agree or disagree - ""The amount I pay for my (SERVICE) is small, compared with my other monthly household bills"": Disagree strongly",Nominal,Input,8,Right,F1,F1
Q33_5_2E,1532,"Q33 - Statement B. To what extent do you agree or disagree - ""The amount I pay for my (SERVICE) is small, compared with my other monthly household bills"": Don’t know",Nominal,Input,8,Right,F1,F1
Q33_5_2F,1533,"Q33 - Statement B. To what extent do you agree or disagree - ""The amount I pay for my (SERVICE) is small, compared with my other monthly household bills"": TOTAL AGREE",Nominal,Input,8,Right,F1,F1
Q33_5_2G,1534,"Q33 - Statement B. To what extent do you agree or disagree - ""The amount I pay for my (SERVICE) is small, compared with my other monthly household bills"": TOTAL DISAGREE",Nominal,Input,8,Right,F1,F1
Q33_5_3A,1535,"Q33 - Statement C. To what extent do you agree or disagree - ""Even if I could save money by getting a different deal for my (SERVICE), I am happy enough with my current deal"": Agree strongly",Nominal,Input,8,Right,F1,F1
Q33_5_3B,1536,"Q33 - Statement C. To what extent do you agree or disagree - ""Even if I could save money by getting a different deal for my (SERVICE), I am happy enough with my current deal"": Agree slightly",Nominal,Input,8,Right,F1,F1
Q33_5_3C,1537,"Q33 - Statement C. To what extent do you agree or disagree - ""Even if I could save money by getting a different deal for my (SERVICE), I am happy enough with my current deal"": Disagree slightly",Nominal,Input,8,Right,F1,F1
Q33_5_3D,1538,"Q33 - Statement C. To what extent do you agree or disagree - ""Even if I could save money by getting a different deal for my (SERVICE), I am happy enough with my current deal"": Disagree strongly",Nominal,Input,8,Right,F1,F1
Q33_5_3E,1539,"Q33 - Statement C. To what extent do you agree or disagree - ""Even if I could save money by getting a different deal for my (SERVICE), I am happy enough with my current deal"": Don’t know",Nominal,Input,8,Right,F1,F1
Q33_5_3F,1540,"Q33 - Statement C. To what extent do you agree or disagree - ""Even if I could save money by getting a different deal for my (SERVICE), I am happy enough with my current deal"": TOTAL AGREE",Nominal,Input,8,Right,F1,F1
Q33_5_3G,1541,"Q33 - Statement C. To what extent do you agree or disagree - ""Even if I could save money by getting a different deal for my (SERVICE), I am happy enough with my current deal"": TOTAL DISAGREE",Nominal,Input,8,Right,F1,F1
Q33_5_4A,1542,"Q33 - Statement D. To what extent do you agree or disagree - ""I would like to save money on my (SERVICE) but I don’t have time to look into different deals"": Agree strongly",Nominal,Input,8,Right,F1,F1
Q33_5_4B,1543,"Q33 - Statement D. To what extent do you agree or disagree - ""I would like to save money on my (SERVICE) but I don’t have time to look into different deals"": Agree slightly",Nominal,Input,8,Right,F1,F1
Q33_5_4C,1544,"Q33 - Statement D. To what extent do you agree or disagree - ""I would like to save money on my (SERVICE) but I don’t have time to look into different deals"": Disagree slightly",Nominal,Input,8,Right,F1,F1
Q33_5_4D,1545,"Q33 - Statement D. To what extent do you agree or disagree - ""I would like to save money on my (SERVICE) but I don’t have time to look into different deals"": Disagree strongly",Nominal,Input,8,Right,F1,F1
Q33_5_4E,1546,"Q33 - Statement D. To what extent do you agree or disagree - ""I would like to save money on my (SERVICE) but I don’t have time to look into different deals"": Don’t know",Nominal,Input,8,Right,F1,F1
Q33_5_4F,1547,"Q33 - Statement D. To what extent do you agree or disagree - ""I would like to save money on my (SERVICE) but I don’t have time to look into different deals"": TOTAL AGREE",Nominal,Input,8,Right,F1,F1
Q33_5_4G,1548,"Q33 - Statement D. To what extent do you agree or disagree - ""I would like to save money on my (SERVICE) but I don’t have time to look into different deals"": TOTAL DISAGREE",Nominal,Input,8,Right,F1,F1
Q33_6_1A,1549,"Q33 - Statement A. To what extent do you agree or disagree - ""The savings I could make on my (SERVICE) would be too low to make it worth spending time looking for a better deal"": Agree strongly",Nominal,Input,8,Right,F1,F1
Q33_6_1B,1550,"Q33 - Statement A. To what extent do you agree or disagree - ""The savings I could make on my (SERVICE) would be too low to make it worth spending time looking for a better deal"": Agree slightly",Nominal,Input,8,Right,F1,F1
Q33_6_1C,1551,"Q33 - Statement A. To what extent do you agree or disagree - ""The savings I could make on my (SERVICE) would be too low to make it worth spending time looking for a better deal"": Disagree slightly",Nominal,Input,8,Right,F1,F1
Q33_6_1D,1552,"Q33 - Statement A. To what extent do you agree or disagree - ""The savings I could make on my (SERVICE) would be too low to make it worth spending time looking for a better deal"": Disagree strongly",Nominal,Input,8,Right,F1,F1
Q33_6_1E,1553,"Q33 - Statement A. To what extent do you agree or disagree - ""The savings I could make on my (SERVICE) would be too low to make it worth spending time looking for a better deal"": Don’t know",Nominal,Input,8,Right,F1,F1
Q33_6_1F,1554,"Q33 - Statement A. To what extent do you agree or disagree - ""The savings I could make on my (SERVICE) would be too low to make it worth spending time looking for a better deal"": TOTAL AGREE",Nominal,Input,8,Right,F1,F1
Q33_6_1G,1555,"Q33 - Statement A. To what extent do you agree or disagree - ""The savings I could make on my (SERVICE) would be too low to make it worth spending time looking for a better deal"": TOTAL DISAGREE",Nominal,Input,8,Right,F1,F1
Q33_6_2A,1556,"Q33 - Statement B. To what extent do you agree or disagree - ""The amount I pay for my (SERVICE) is small, compared with my other monthly household bills"": Agree strongly",Nominal,Input,8,Right,F1,F1
Q33_6_2B,1557,"Q33 - Statement B. To what extent do you agree or disagree - ""The amount I pay for my (SERVICE) is small, compared with my other monthly household bills"": Agree slightly",Nominal,Input,8,Right,F1,F1
Q33_6_2C,1558,"Q33 - Statement B. To what extent do you agree or disagree - ""The amount I pay for my (SERVICE) is small, compared with my other monthly household bills"": Disagree slightly",Nominal,Input,8,Right,F1,F1
Q33_6_2D,1559,"Q33 - Statement B. To what extent do you agree or disagree - ""The amount I pay for my (SERVICE) is small, compared with my other monthly household bills"": Disagree strongly",Nominal,Input,8,Right,F1,F1
Q33_6_2E,1560,"Q33 - Statement B. To what extent do you agree or disagree - ""The amount I pay for my (SERVICE) is small, compared with my other monthly household bills"": Don’t know",Nominal,Input,8,Right,F1,F1
Q33_6_2F,1561,"Q33 - Statement B. To what extent do you agree or disagree - ""The amount I pay for my (SERVICE) is small, compared with my other monthly household bills"": TOTAL AGREE",Nominal,Input,8,Right,F1,F1
Q33_6_2G,1562,"Q33 - Statement B. To what extent do you agree or disagree - ""The amount I pay for my (SERVICE) is small, compared with my other monthly household bills"": TOTAL DISAGREE",Nominal,Input,8,Right,F1,F1
Q33_6_3A,1563,"Q33 - Statement C. To what extent do you agree or disagree - ""Even if I could save money by getting a different deal for my (SERVICE), I am happy enough with my current deal"": Agree strongly",Nominal,Input,8,Right,F1,F1
Q33_6_3B,1564,"Q33 - Statement C. To what extent do you agree or disagree - ""Even if I could save money by getting a different deal for my (SERVICE), I am happy enough with my current deal"": Agree slightly",Nominal,Input,8,Right,F1,F1
Q33_6_3C,1565,"Q33 - Statement C. To what extent do you agree or disagree - ""Even if I could save money by getting a different deal for my (SERVICE), I am happy enough with my current deal"": Disagree slightly",Nominal,Input,8,Right,F1,F1
Q33_6_3D,1566,"Q33 - Statement C. To what extent do you agree or disagree - ""Even if I could save money by getting a different deal for my (SERVICE), I am happy enough with my current deal"": Disagree strongly",Nominal,Input,8,Right,F1,F1
Q33_6_3E,1567,"Q33 - Statement C. To what extent do you agree or disagree - ""Even if I could save money by getting a different deal for my (SERVICE), I am happy enough with my current deal"": Don’t know",Nominal,Input,8,Right,F1,F1
Q33_6_3F,1568,"Q33 - Statement C. To what extent do you agree or disagree - ""Even if I could save money by getting a different deal for my (SERVICE), I am happy enough with my current deal"": TOTAL AGREE",Nominal,Input,8,Right,F1,F1
Q33_6_3G,1569,"Q33 - Statement C. To what extent do you agree or disagree - ""Even if I could save money by getting a different deal for my (SERVICE), I am happy enough with my current deal"": TOTAL DISAGREE",Nominal,Input,8,Right,F1,F1
Q33_6_4A,1570,"Q33 - Statement D. To what extent do you agree or disagree - ""I would like to save money on my (SERVICE) but I don’t have time to look into different deals"": Agree strongly",Nominal,Input,8,Right,F1,F1
Q33_6_4B,1571,"Q33 - Statement D. To what extent do you agree or disagree - ""I would like to save money on my (SERVICE) but I don’t have time to look into different deals"": Agree slightly",Nominal,Input,8,Right,F1,F1
Q33_6_4C,1572,"Q33 - Statement D. To what extent do you agree or disagree - ""I would like to save money on my (SERVICE) but I don’t have time to look into different deals"": Disagree slightly",Nominal,Input,8,Right,F1,F1
Q33_6_4D,1573,"Q33 - Statement D. To what extent do you agree or disagree - ""I would like to save money on my (SERVICE) but I don’t have time to look into different deals"": Disagree strongly",Nominal,Input,8,Right,F1,F1
Q33_6_4E,1574,"Q33 - Statement D. To what extent do you agree or disagree - ""I would like to save money on my (SERVICE) but I don’t have time to look into different deals"": Don’t know",Nominal,Input,8,Right,F1,F1
Q33_6_4F,1575,"Q33 - Statement D. To what extent do you agree or disagree - ""I would like to save money on my (SERVICE) but I don’t have time to look into different deals"": TOTAL AGREE",Nominal,Input,8,Right,F1,F1
Q33_6_4G,1576,"Q33 - Statement D. To what extent do you agree or disagree - ""I would like to save money on my (SERVICE) but I don’t have time to look into different deals"": TOTAL DISAGREE",Nominal,Input,8,Right,F1,F1
Q34CON_1A,1577,"Q34CON. How confident are you that the current deal you have for your (SERVICE), is the best deal for you?: Very confident",Nominal,Input,8,Right,F1,F1
Q34CON_1B,1578,"Q34CON. How confident are you that the current deal you have for your (SERVICE), is the best deal for you?: Fairly confident",Nominal,Input,8,Right,F1,F1
Q34CON_1C,1579,"Q34CON. How confident are you that the current deal you have for your (SERVICE), is the best deal for you?: Not very confident",Nominal,Input,8,Right,F1,F1
Q34CON_1D,1580,"Q34CON. How confident are you that the current deal you have for your (SERVICE), is the best deal for you?: Not at all confident",Nominal,Input,8,Right,F1,F1
Q34CON_1E,1581,"Q34CON. How confident are you that the current deal you have for your (SERVICE), is the best deal for you?: Don’t know",Nominal,Input,8,Right,F1,F1
Q34CON_1F,1582,"Q34CON. How confident are you that the current deal you have for your (SERVICE), is the best deal for you?: TOTAL CONFIDENT",Nominal,Input,8,Right,F1,F1
Q34CON_1G,1583,"Q34CON. How confident are you that the current deal you have for your (SERVICE), is the best deal for you?: TOTAL NOT CONFIDENT",Nominal,Input,8,Right,F1,F1
Q34CON_2A,1584,"Q34CON. How confident are you that the current deal you have for your (SERVICE), is the best deal for you?: Very confident",Nominal,Input,8,Right,F1,F1
Q34CON_2B,1585,"Q34CON. How confident are you that the current deal you have for your (SERVICE), is the best deal for you?: Fairly confident",Nominal,Input,8,Right,F1,F1
Q34CON_2C,1586,"Q34CON. How confident are you that the current deal you have for your (SERVICE), is the best deal for you?: Not very confident",Nominal,Input,8,Right,F1,F1
Q34CON_2D,1587,"Q34CON. How confident are you that the current deal you have for your (SERVICE), is the best deal for you?: Not at all confident",Nominal,Input,8,Right,F1,F1
Q34CON_2E,1588,"Q34CON. How confident are you that the current deal you have for your (SERVICE), is the best deal for you?: Don’t know",Nominal,Input,8,Right,F1,F1
Q34CON_2F,1589,"Q34CON. How confident are you that the current deal you have for your (SERVICE), is the best deal for you?: TOTAL CONFIDENT",Nominal,Input,8,Right,F1,F1
Q34CON_2G,1590,"Q34CON. How confident are you that the current deal you have for your (SERVICE), is the best deal for you?: TOTAL NOT CONFIDENT",Nominal,Input,8,Right,F1,F1
Q34CON_3A,1591,"Q34CON. How confident are you that the current deal you have for your (SERVICE), is the best deal for you?: Very confident",Nominal,Input,8,Right,F1,F1
Q34CON_3B,1592,"Q34CON. How confident are you that the current deal you have for your (SERVICE), is the best deal for you?: Fairly confident",Nominal,Input,8,Right,F1,F1
Q34CON_3C,1593,"Q34CON. How confident are you that the current deal you have for your (SERVICE), is the best deal for you?: Not very confident",Nominal,Input,8,Right,F1,F1
Q34CON_3D,1594,"Q34CON. How confident are you that the current deal you have for your (SERVICE), is the best deal for you?: Not at all confident",Nominal,Input,8,Right,F1,F1
Q34CON_3E,1595,"Q34CON. How confident are you that the current deal you have for your (SERVICE), is the best deal for you?: Don’t know",Nominal,Input,8,Right,F1,F1
Q34CON_3F,1596,"Q34CON. How confident are you that the current deal you have for your (SERVICE), is the best deal for you?: TOTAL CONFIDENT",Nominal,Input,8,Right,F1,F1
Q34CON_3G,1597,"Q34CON. How confident are you that the current deal you have for your (SERVICE), is the best deal for you?: TOTAL NOT CONFIDENT",Nominal,Input,8,Right,F1,F1
Q34CON_4A,1598,"Q34CON. How confident are you that the current deal you have for your (SERVICE), is the best deal for you?: Very confident",Nominal,Input,8,Right,F1,F1
Q34CON_4B,1599,"Q34CON. How confident are you that the current deal you have for your (SERVICE), is the best deal for you?: Fairly confident",Nominal,Input,8,Right,F1,F1
Q34CON_4C,1600,"Q34CON. How confident are you that the current deal you have for your (SERVICE), is the best deal for you?: Not very confident",Nominal,Input,8,Right,F1,F1
Q34CON_4D,1601,"Q34CON. How confident are you that the current deal you have for your (SERVICE), is the best deal for you?: Not at all confident",Nominal,Input,8,Right,F1,F1
Q34CON_4E,1602,"Q34CON. How confident are you that the current deal you have for your (SERVICE), is the best deal for you?: Don’t know",Nominal,Input,8,Right,F1,F1
Q34CON_4F,1603,"Q34CON. How confident are you that the current deal you have for your (SERVICE), is the best deal for you?: TOTAL CONFIDENT",Nominal,Input,8,Right,F1,F1
Q34CON_4G,1604,"Q34CON. How confident are you that the current deal you have for your (SERVICE), is the best deal for you?: TOTAL NOT CONFIDENT",Nominal,Input,8,Right,F1,F1
Q34CON_5A,1605,"Q34CON. How confident are you that the current deal you have for your (SERVICE), is the best deal for you?: Very confident",Nominal,Input,8,Right,F1,F1
Q34CON_5B,1606,"Q34CON. How confident are you that the current deal you have for your (SERVICE), is the best deal for you?: Fairly confident",Nominal,Input,8,Right,F1,F1
Q34CON_5C,1607,"Q34CON. How confident are you that the current deal you have for your (SERVICE), is the best deal for you?: Not very confident",Nominal,Input,8,Right,F1,F1
Q34CON_5D,1608,"Q34CON. How confident are you that the current deal you have for your (SERVICE), is the best deal for you?: Not at all confident",Nominal,Input,8,Right,F1,F1
Q34CON_5E,1609,"Q34CON. How confident are you that the current deal you have for your (SERVICE), is the best deal for you?: Don’t know",Nominal,Input,8,Right,F1,F1
Q34CON_5F,1610,"Q34CON. How confident are you that the current deal you have for your (SERVICE), is the best deal for you?: TOTAL CONFIDENT",Nominal,Input,8,Right,F1,F1
Q34CON_5G,1611,"Q34CON. How confident are you that the current deal you have for your (SERVICE), is the best deal for you?: TOTAL NOT CONFIDENT",Nominal,Input,8,Right,F1,F1
Q34CON_6A,1612,"Q34CON. How confident are you that the current deal you have for your (SERVICE), is the best deal for you?: Very confident",Nominal,Input,8,Right,F1,F1
Q34CON_6B,1613,"Q34CON. How confident are you that the current deal you have for your (SERVICE), is the best deal for you?: Fairly confident",Nominal,Input,8,Right,F1,F1
Q34CON_6C,1614,"Q34CON. How confident are you that the current deal you have for your (SERVICE), is the best deal for you?: Not very confident",Nominal,Input,8,Right,F1,F1
Q34CON_6D,1615,"Q34CON. How confident are you that the current deal you have for your (SERVICE), is the best deal for you?: Not at all confident",Nominal,Input,8,Right,F1,F1
Q34CON_6E,1616,"Q34CON. How confident are you that the current deal you have for your (SERVICE), is the best deal for you?: Don’t know",Nominal,Input,8,Right,F1,F1
Q34CON_6F,1617,"Q34CON. How confident are you that the current deal you have for your (SERVICE), is the best deal for you?: TOTAL CONFIDENT",Nominal,Input,8,Right,F1,F1
Q34CON_6G,1618,"Q34CON. How confident are you that the current deal you have for your (SERVICE), is the best deal for you?: TOTAL NOT CONFIDENT",Nominal,Input,8,Right,F1,F1
Q34AAA,1619,"Q34AA. Are there any services which you had and were the decision maker for about 12 months ago, but you no longer have these services?: Landline phone service",Nominal,Input,8,Right,F1,F1
Q34AAB,1620,"Q34AA. Are there any services which you had and were the decision maker for about 12 months ago, but you no longer have these services?: Mobile phone",Nominal,Input,8,Right,F1,F1
Q34AAC,1621,"Q34AA. Are there any services which you had and were the decision maker for about 12 months ago, but you no longer have these services?: Fixed broadband internet access (through a phone line, fibre connection or cable service, perhaps using a wi-fi router)",Nominal,Input,8,Right,F1,F1
Q34AAD,1622,"Q34AA. Are there any services which you had and were the decision maker for about 12 months ago, but you no longer have these services?: A TV service (free or paid for) that can be used to watch broadcast TV channels like BBC and ITV",Nominal,Input,8,Right,F1,F1
Q34AAE,1623,"Q34AA. Are there any services which you had and were the decision maker for about 12 months ago, but you no longer have these services?: None of these",Nominal,Input,8,Right,F1,F1
Q34AAF,1624,"Q34AA. Are there any services which you had and were the decision maker for about 12 months ago, but you no longer have these services?: ANY SERVICES",Nominal,Input,8,Right,F1,F1
Q34AB,1625,Q34AB. Which provider did you use for your Landline service?,Nominal,Input,8,Right,F2,F2
Q34AC,1626,Q34AC. Which provider did you use for your Mobile Phone service?,Nominal,Input,8,Right,F2,F2
Q34AD,1627,Q34AD. Which provider did you use for your Fixed Broadband service?,Nominal,Input,8,Right,F2,F2
Q34AE,1628,Q34AE. Which provider did you use for your TV service?,Nominal,Input,8,Right,F2,F2
Q34BA,1629,Q34BA. Please think about the services currently used in your household that other people make decisions about. Which provider does your household use for your landline phone service?,Nominal,Input,8,Right,F2,F2
Q34BB,1630,"Q34BB. Please think about the services currently used in your household that other people make decisions about. Which provider does your household use for your mobile phone service? If more than one mobile phone service is used, please think about the p...",Nominal,Input,8,Right,F2,F2
Q34BC,1631,Q34BC. Please think about the services currently used in your household that other people make decisions about. Which provider does your household use for your fixed broadband service?,Nominal,Input,8,Right,F2,F2
Q34BD,1632,Q34BD. Please think about the services currently used in your household that other people make decisions about. Which provider does your household use for your TV service?,Nominal,Input,8,Right,F2,F2
Q34CA,1633,Q34CA. Has your household ever changed the company that provides your landline phone service? IF YES – When did your household most recently change provider for your landline phone service?,Nominal,Input,8,Right,F1,F1
Q34CB,1634,Q34CB. Has your household ever changed the company that provides your mobile phone service? IF YES – When did your household most recently change provider for your mobile phone service?,Nominal,Input,8,Right,F1,F1
Q34CC,1635,Q34CC. Has your household ever changed the company that provides your fixed broadband service? IF YES – When did your household most recently change provider for your fixed broadband service?,Nominal,Input,8,Right,F1,F1
Q34CD,1636,Q34CD. Has your household ever changed the company that provides your TV service? IF YES – When did your household most recently change provider for your TV service?,Nominal,Input,8,Right,F1,F1
Q34DA,1637,Q34DA. Did your household make this recent change of landline phone service provider at the same time as moving home?,Nominal,Input,8,Right,F1,F1
Q34DC,1638,Q34DC. Did your household make this recent change of fixed broadband service provider at the same time as moving home?,Nominal,Input,8,Right,F1,F1
Q34DD,1639,Q34DD. Did your household make this recent change of TV service provider at the same time as moving home?,Nominal,Input,8,Right,F1,F1
Q34AFA,1640,Q34AF. In the last 12 months has your household stopped using a paid-for TV service from any of these providers?: BT TV,Nominal,Input,8,Right,F1,F1
Q34AFB,1641,Q34AF. In the last 12 months has your household stopped using a paid-for TV service from any of these providers?: BLANK CODE - PREVIOUSLY EE TV,Nominal,Input,8,Right,F1,F1
Q34AFC,1642,Q34AF. In the last 12 months has your household stopped using a paid-for TV service from any of these providers?: NOW,Nominal,Input,8,Right,F1,F1
Q34AFD,1643,Q34AF. In the last 12 months has your household stopped using a paid-for TV service from any of these providers?: Plusnet TV,Nominal,Input,8,Right,F1,F1
Q34AFE,1644,"Q34AF. In the last 12 months has your household stopped using a paid-for TV service from any of these providers?: Sky TV (satellite TV, monthly subscription)",Nominal,Input,8,Right,F1,F1
Q34AFF,1645,Q34AF. In the last 12 months has your household stopped using a paid-for TV service from any of these providers?: TalkTalk TV,Nominal,Input,8,Right,F1,F1
Q34AFG,1646,Q34AF. In the last 12 months has your household stopped using a paid-for TV service from any of these providers?: Virgin TV (cable TV),Nominal,Input,8,Right,F1,F1
Q34AFH,1647,Q34AF. In the last 12 months has your household stopped using a paid-for TV service from any of these providers?: Other satellite TV,Nominal,Input,8,Right,F1,F1
Q34AFI,1648,Q34AF. In the last 12 months has your household stopped using a paid-for TV service from any of these providers?: Any other paid-for TV service,Nominal,Input,8,Right,F1,F1
Q34AFJ,1649,"Q34AF. In the last 12 months has your household stopped using a paid-for TV service from any of these providers?: No, I have not",Nominal,Input,8,Right,F1,F1
Q34AFK,1650,Q34AF. In the last 12 months has your household stopped using a paid-for TV service from any of these providers?: ANY PAID-FOR TV SERVICES,Nominal,Input,8,Right,F1,F1
Q34A,1651,"Q34. Generally, which one of these describes your behaviour in terms of communications services such as mobile, landline, broadband and TV?: I regularly keep an eye on deals in the market",Nominal,Input,8,Right,F1,F1
Q34B,1652,"Q34. Generally, which one of these describes your behaviour in terms of communications services such as mobile, landline, broadband and TV?: I occasionally look at deals in the market",Nominal,Input,8,Right,F1,F1
Q34C,1653,"Q34. Generally, which one of these describes your behaviour in terms of communications services such as mobile, landline, broadband and TV?: I only look at deals when my contract is ending",Nominal,Input,8,Right,F1,F1
Q34D,1654,"Q34. Generally, which one of these describes your behaviour in terms of communications services such as mobile, landline, broadband and TV?: TOTAL EVER LOOK AT DEALS",Nominal,Input,8,Right,F1,F1
Q34E,1655,"Q34. Generally, which one of these describes your behaviour in terms of communications services such as mobile, landline, broadband and TV?: I don’t ever look at deals in the market",Nominal,Input,8,Right,F1,F1
Q34F,1656,"Q34. Generally, which one of these describes your behaviour in terms of communications services such as mobile, landline, broadband and TV?: Don’t know",Nominal,Input,8,Right,F1,F1
Q35,1657,"Q35. Do you tend to look at deals from your own provider, from other providers or both?",Nominal,Input,8,Right,F1,F1
Q36AA,1658,"Q36A. In terms of communications services such as mobile, landline, broadband and TV... How confident are you about comparing the costs of the various deals available in the market?: Very confident",Nominal,Input,8,Right,F1,F1
Q36AB,1659,"Q36A. In terms of communications services such as mobile, landline, broadband and TV... How confident are you about comparing the costs of the various deals available in the market?: Fairly confident",Nominal,Input,8,Right,F1,F1
Q36AC,1660,"Q36A. In terms of communications services such as mobile, landline, broadband and TV... How confident are you about comparing the costs of the various deals available in the market?: Not very confident",Nominal,Input,8,Right,F1,F1
Q36AD,1661,"Q36A. In terms of communications services such as mobile, landline, broadband and TV... How confident are you about comparing the costs of the various deals available in the market?: Not at all confident",Nominal,Input,8,Right,F1,F1
Q36AE,1662,"Q36A. In terms of communications services such as mobile, landline, broadband and TV... How confident are you about comparing the costs of the various deals available in the market?: Don't know",Nominal,Input,8,Right,F1,F1
Q36AF,1663,"Q36A. In terms of communications services such as mobile, landline, broadband and TV... How confident are you about comparing the costs of the various deals available in the market?: TOTAL CONFIDENT",Nominal,Input,8,Right,F1,F1
Q36AG,1664,"Q36A. In terms of communications services such as mobile, landline, broadband and TV... How confident are you about comparing the costs of the various deals available in the market?: TOTAL NOT CONFIDENT",Nominal,Input,8,Right,F1,F1
Q36BA,1665,"Q36B. In terms of communications services such as mobile, landline, broadband and TV... How confident are you about speaking to your current provider about new deals?: Very confident",Nominal,Input,8,Right,F1,F1
Q36BB,1666,"Q36B. In terms of communications services such as mobile, landline, broadband and TV... How confident are you about speaking to your current provider about new deals?: Fairly confident",Nominal,Input,8,Right,F1,F1
Q36BC,1667,"Q36B. In terms of communications services such as mobile, landline, broadband and TV... How confident are you about speaking to your current provider about new deals?: Not very confident",Nominal,Input,8,Right,F1,F1
Q36BD,1668,"Q36B. In terms of communications services such as mobile, landline, broadband and TV... How confident are you about speaking to your current provider about new deals?: Not at all confident",Nominal,Input,8,Right,F1,F1
Q36BE,1669,"Q36B. In terms of communications services such as mobile, landline, broadband and TV... How confident are you about speaking to your current provider about new deals?: Don't know",Nominal,Input,8,Right,F1,F1
Q36BF,1670,"Q36B. In terms of communications services such as mobile, landline, broadband and TV... How confident are you about speaking to your current provider about new deals?: TOTAL CONFIDENT",Nominal,Input,8,Right,F1,F1
Q36BG,1671,"Q36B. In terms of communications services such as mobile, landline, broadband and TV... How confident are you about speaking to your current provider about new deals?: TOTAL NOT CONFIDENT",Nominal,Input,8,Right,F1,F1
Q36CA,1672,"Q36C. In terms of communications services such as mobile, landline, broadband and TV... How confident are you about understanding the language and terminology used by providers?: Very confident",Nominal,Input,8,Right,F1,F1
Q36CB,1673,"Q36C. In terms of communications services such as mobile, landline, broadband and TV... How confident are you about understanding the language and terminology used by providers?: Fairly confident",Nominal,Input,8,Right,F1,F1
Q36CC,1674,"Q36C. In terms of communications services such as mobile, landline, broadband and TV... How confident are you about understanding the language and terminology used by providers?: Not very confident",Nominal,Input,8,Right,F1,F1
Q36CD,1675,"Q36C. In terms of communications services such as mobile, landline, broadband and TV... How confident are you about understanding the language and terminology used by providers?: Not at all confident",Nominal,Input,8,Right,F1,F1
Q36CE,1676,"Q36C. In terms of communications services such as mobile, landline, broadband and TV... How confident are you about understanding the language and terminology used by providers?: Don't know",Nominal,Input,8,Right,F1,F1
Q36CF,1677,"Q36C. In terms of communications services such as mobile, landline, broadband and TV... How confident are you about understanding the language and terminology used by providers?: TOTAL CONFIDENT",Nominal,Input,8,Right,F1,F1
Q36CG,1678,"Q36C. In terms of communications services such as mobile, landline, broadband and TV... How confident are you about understanding the language and terminology used by providers?: TOTAL NOT CONFIDENT",Nominal,Input,8,Right,F1,F1
Q36DA,1679,"Q36D. In terms of communications services such as mobile, landline, broadband and TV... How confident are you about understanding the different options for the services in the market?: Very confident",Nominal,Input,8,Right,F1,F1
Q36DB,1680,"Q36D. In terms of communications services such as mobile, landline, broadband and TV... How confident are you about understanding the different options for the services in the market?: Fairly confident",Nominal,Input,8,Right,F1,F1
Q36DC,1681,"Q36D. In terms of communications services such as mobile, landline, broadband and TV... How confident are you about understanding the different options for the services in the market?: Not very confident",Nominal,Input,8,Right,F1,F1
Q36DD,1682,"Q36D. In terms of communications services such as mobile, landline, broadband and TV... How confident are you about understanding the different options for the services in the market?: Not at all confident",Nominal,Input,8,Right,F1,F1
Q36DE,1683,"Q36D. In terms of communications services such as mobile, landline, broadband and TV... How confident are you about understanding the different options for the services in the market?: Don't know",Nominal,Input,8,Right,F1,F1
Q36DF,1684,"Q36D. In terms of communications services such as mobile, landline, broadband and TV... How confident are you about understanding the different options for the services in the market?: TOTAL CONFIDENT",Nominal,Input,8,Right,F1,F1
Q36DG,1685,"Q36D. In terms of communications services such as mobile, landline, broadband and TV... How confident are you about understanding the different options for the services in the market?: TOTAL NOT CONFIDENT",Nominal,Input,8,Right,F1,F1
Q36EA,1686,"Q36E. In terms of communications services such as mobile, landline, broadband and TV... How confident are you about understanding the difference between full-fibre and part-fibre broadband services?: Very confident",Nominal,Input,8,Right,F1,F1
Q36EB,1687,"Q36E. In terms of communications services such as mobile, landline, broadband and TV... How confident are you about understanding the difference between full-fibre and part-fibre broadband services?: Fairly confident",Nominal,Input,8,Right,F1,F1
Q36EC,1688,"Q36E. In terms of communications services such as mobile, landline, broadband and TV... How confident are you about understanding the difference between full-fibre and part-fibre broadband services?: Not very confident",Nominal,Input,8,Right,F1,F1
Q36ED,1689,"Q36E. In terms of communications services such as mobile, landline, broadband and TV... How confident are you about understanding the difference between full-fibre and part-fibre broadband services?: Not at all confident",Nominal,Input,8,Right,F1,F1
Q36EE,1690,"Q36E. In terms of communications services such as mobile, landline, broadband and TV... How confident are you about understanding the difference between full-fibre and part-fibre broadband services?: Don't know",Nominal,Input,8,Right,F1,F1
Q36EF,1691,"Q36E. In terms of communications services such as mobile, landline, broadband and TV... How confident are you about understanding the difference between full-fibre and part-fibre broadband services?: TOTAL CONFIDENT",Nominal,Input,8,Right,F1,F1
Q36EG,1692,"Q36E. In terms of communications services such as mobile, landline, broadband and TV... How confident are you about understanding the difference between full-fibre and part-fibre broadband services?: TOTAL NOT CONFIDENT",Nominal,Input,8,Right,F1,F1
Q37_01,1693,Q37A. AGREEMENT WITH STATEMENTS - I trust comparison sites to show me the best deal available,Nominal,Input,8,Right,F1,F1
Q37_02,1694,Q37B. AGREEMENT WITH STATEMENTS - Providers will always find a way to get you paying more than you expect to,Nominal,Input,8,Right,F1,F1
Q37_03,1695,Q37C. AGREEMENT WITH STATEMENTS - I’m comfortable working out how much services really cost,Nominal,Input,8,Right,F1,F1
Q37_04,1696,"Q37D. AGREEMENT WITH STATEMENTS - There’s no real difference in service between providers, it’s just about getting a cheaper deal",Nominal,Input,8,Right,F1,F1
Q37_05,1697,Q37E. AGREEMENT WITH STATEMENTS - I feel some loyalty to the providers I use so I would need a good reason to change,Nominal,Input,8,Right,F1,F1
Q37_06,1698,Q37F. AGREEMENT WITH STATEMENTS - I would worry about things going wrong if I changed provider,Nominal,Input,8,Right,F1,F1
Q37_07,1699,Q37G. AGREEMENT WITH STATEMENTS - I’m prepared to spend the time it takes to find a better deal,Nominal,Input,8,Right,F1,F1
Q37_08,1700,Q37H. AGREEMENT WITH STATEMENTS - I would be suspicious of a deal that was a lot cheaper than my current deal,Nominal,Input,8,Right,F1,F1
Q37_09,1701,Q37I. AGREEMENT WITH STATEMENTS - Taking multiple services from one provider means you can expect a better deal,Nominal,Input,8,Right,F1,F1
Q37_10,1702,Q37J. AGREEMENT WITH STATEMENTS - Taking multiple services from one provider makes it more complicated to look for a cheaper deal elsewhere,Nominal,Input,8,Right,F1,F1
Q37_11,1703,Q37K. AGREEMENT WITH STATEMENTS - I would rather give up going out for a month than give up my social media,Nominal,Input,8,Right,F1,F1
Q37_12,1704,Q37L. AGREEMENT WITH STATEMENTS - The risk of being without service while changing puts me off looking for alternative providers,Nominal,Input,8,Right,F1,F1
Q38A,1705,"Q38. Which, if any, of these services are you the primary or joint decision maker for – in terms of deciding which provider to use?: Gas supplier",Nominal,Input,8,Right,F1,F1
Q38B,1706,"Q38. Which, if any, of these services are you the primary or joint decision maker for – in terms of deciding which provider to use?: Electricity supplier",Nominal,Input,8,Right,F1,F1
Q38C,1707,"Q38. Which, if any, of these services are you the primary or joint decision maker for – in terms of deciding which provider to use?: Bank current account",Nominal,Input,8,Right,F1,F1
Q38D,1708,"Q38. Which, if any, of these services are you the primary or joint decision maker for – in terms of deciding which provider to use?: None of these",Nominal,Input,8,Right,F1,F1
Q39A,1709,Q39A. Have you or your household ever changed your gas supplier? IF YES - When did you most recently change your gas supplier?,Nominal,Input,8,Right,F1,F1
Q39B,1710,Q39B. Have you or your household ever changed your electricity supplier? IF YES - When did you most recently change your electricity supplier?,Nominal,Input,8,Right,F1,F1
Q39C,1711,Q39C. Have you or your household ever changed your main bank account provider? IF YES - When did you most recently change your main bank account provider?,Nominal,Input,8,Right,F1,F1
Q40_1,1712,"Q40A. When you recently changed Gas supplier, was this change forced on you because the previous supplier had gone out of business?",Nominal,Input,8,Right,F1,F1
Q40_2,1713,"Q40B. When you recently changed Electricity supplier, was this change forced on you because the previous supplier had gone out of business?",Nominal,Input,8,Right,F1,F1
DC1,1714,Do we have your permission to ask you about any issues that impact your daily activities or the work you can do?,Nominal,Input,8,Right,F1,F1
C1A,1715,"C1. Which of these – if any – impact or limit your daily activities or the work you can do?: A. Hearing? Poor hearing, partial hearing, or are deaf",Nominal,Input,8,Right,F1,F1
C1B,1716,"C1. Which of these – if any – impact or limit your daily activities or the work you can do?: B. Eyesight? Poor vision, colour blindness, partial sight, or are blind",Nominal,Input,8,Right,F1,F1
C1C,1717,"C1. Which of these – if any – impact or limit your daily activities or the work you can do?: C. Mobility? Cannot walk at all/ use a wheelchair or mobility scooter etc., or cannot walk very far or manage stairs or can only do so with difficulty",Nominal,Input,8,Right,F1,F1
C1D,1718,C1. Which of these – if any – impact or limit your daily activities or the work you can do?: D. Dexterity? Limited ability to reach/ difficulty opening things with your hands/ difficulty using a telephone handset/ television remote control/ computer ke,Nominal,Input,8,Right,F1,F1
C1E,1719,C1. Which of these – if any – impact or limit your daily activities or the work you can do?: E. Breathing? Breathlessness or chest pains,Nominal,Input,8,Right,F1,F1
C1F,1720,"C1. Which of these – if any – impact or limit your daily activities or the work you can do?: F. Mental abilities? Such as learning, understanding, concentration, memory, communicating, cognitive loss or deterioration",Nominal,Input,8,Right,F1,F1
C1G,1721,"C1. Which of these – if any – impact or limit your daily activities or the work you can do?: G. Social/ behavioural? Conditions associated with this such as autism, attention deficit disorder, Asperger’s, etc.",Nominal,Input,8,Right,F1,F1
C1H,1722,"C1. Which of these – if any – impact or limit your daily activities or the work you can do?: H. Your mental health? Anxiety, depression, or trauma-related conditions, for example",Nominal,Input,8,Right,F1,F1
C1I,1723,C1. Which of these – if any – impact or limit your daily activities or the work you can do?: I. Other illnesses/ conditions which impact or limit your daily activities or the work you can do,Nominal,Input,8,Right,F1,F1
C1J,1724,C1. Which of these – if any – impact or limit your daily activities or the work you can do?: J. Nothing – no impairments or conditions impact or limit your daily activities or the work you can do,Nominal,Input,8,Right,F1,F1
C1K,1725,C1. Which of these – if any – impact or limit your daily activities or the work you can do?: Prefer not to say,Nominal,Input,8,Right,F1,F1
C1L,1726,C1. Which of these – if any – impact or limit your daily activities or the work you can do?: Don’t know,Nominal,Input,8,Right,F1,F1
DC2,1727,Do we have your permission to ask you about your ethnicity for research purposes?,Nominal,Input,8,Right,F1,F1
C2,1728,C2. Which one of these groups best describes your ethnic group or background?,Nominal,Input,8,Right,F2,F2
C3,1729,C3. What is the total number of people in the household (including yourself and any children)?,Nominal,Input,8,Right,F1,F1
C4,1730,C4. And what is the total number of children aged under 18 in the household?,Nominal,Input,8,Right,F1,F1
C6A,1731,C6A. Which one of these – if any – is the highest educational or professional qualification that you currently have?,Nominal,Input,8,Right,F2,F2
C6,1732,C6. Which one of these bands describes your total household income before tax or any other deductions are made?,Nominal,Input,8,Right,F1,F1
FVUL,1733,FINANCIAL VULNERABILITY,Nominal,Input,8,Right,F1,F1
FINAL3,1734,ENGAGEMENT INDEX FOR Landline,Nominal,Input,8,Right,F1,F1
FINAL4,1735,ENGAGEMENT INDEX FOR Mobile,Nominal,Input,8,Right,F1,F1
FINAL5,1736,ENGAGEMENT INDEX FOR Broadband,Nominal,Input,8,Right,F1,F1
FINAL6,1737,ENGAGEMENT INDEX FOR TV,Nominal,Input,8,Right,F1,F1
FINAL1,1738,ENGAGEMENT INDEX FOR FIRST PACKAGE,Scale,Input,8,Right,F1,F1
FINAL2,1739,ENGAGEMENT INDEX FOR SECOND PACKAGE,Scale,Input,8,Right,F1,F1
Q242526A_1A,1740,Q24/Q25/Q26. SUMMARY OF CHANGES IN THE LAST TWELVE MONTHS AS A RESULT OF MAKING CONTACT WITH PROVIDER: Received a discount,Nominal,Input,8,Right,F1,F1
Q242526A_1B,1741,Q24/Q25/Q26. SUMMARY OF CHANGES IN THE LAST TWELVE MONTHS AS A RESULT OF MAKING CONTACT WITH PROVIDER: Added extra or improved services,Nominal,Input,8,Right,F1,F1
Q242526A_1C,1742,Q24/Q25/Q26. SUMMARY OF CHANGES IN THE LAST TWELVE MONTHS AS A RESULT OF MAKING CONTACT WITH PROVIDER: Reduced or downgraded services,Nominal,Input,8,Right,F1,F1
Q242526A_1D,1743,Q24/Q25/Q26. SUMMARY OF CHANGES IN THE LAST TWELVE MONTHS AS A RESULT OF MAKING CONTACT WITH PROVIDER: ANY OF THESE CHANGES AS A RESULT OF MAKING CONTACT WITH PROVIDER,Nominal,Input,8,Right,F1,F1
Q242526A_1E,1744,Q24/Q25/Q26. SUMMARY OF CHANGES IN THE LAST TWELVE MONTHS AS A RESULT OF MAKING CONTACT WITH PROVIDER: ALL 3 CHANGES,Nominal,Input,8,Right,F1,F1
Q242526A_1F,1745,Q24/Q25/Q26. SUMMARY OF CHANGES IN THE LAST TWELVE MONTHS AS A RESULT OF MAKING CONTACT WITH PROVIDER: DISCOUNT AND EXTRA SERVICES,Nominal,Input,8,Right,F1,F1
Q242526A_1G,1746,Q24/Q25/Q26. SUMMARY OF CHANGES IN THE LAST TWELVE MONTHS AS A RESULT OF MAKING CONTACT WITH PROVIDER: DISCOUNT AND REDUCED SERVICES,Nominal,Input,8,Right,F1,F1
Q242526A_1H,1747,Q24/Q25/Q26. SUMMARY OF CHANGES IN THE LAST TWELVE MONTHS AS A RESULT OF MAKING CONTACT WITH PROVIDER: EXTRA SERVICES AND REDUCED SERVICES,Nominal,Input,8,Right,F1,F1
Q242526A_1I,1748,Q24/Q25/Q26. SUMMARY OF CHANGES IN THE LAST TWELVE MONTHS AS A RESULT OF MAKING CONTACT WITH PROVIDER: DISCOUNT ONLY,Nominal,Input,8,Right,F1,F1
Q242526A_1J,1749,Q24/Q25/Q26. SUMMARY OF CHANGES IN THE LAST TWELVE MONTHS AS A RESULT OF MAKING CONTACT WITH PROVIDER: EXTRA SERVICES ONLY,Nominal,Input,8,Right,F1,F1
Q242526A_1K,1750,Q24/Q25/Q26. SUMMARY OF CHANGES IN THE LAST TWELVE MONTHS AS A RESULT OF MAKING CONTACT WITH PROVIDER: REDUCED SERVICES ONLY,Nominal,Input,8,Right,F1,F1
Q242526A_1L,1751,Q24/Q25/Q26. SUMMARY OF CHANGES IN THE LAST TWELVE MONTHS AS A RESULT OF MAKING CONTACT WITH PROVIDER: NONE OF THESE CHANGES AS A RESULT OF MAKING CONTACT WITH PROVIDER,Nominal,Input,8,Right,F1,F1
Q242526B_1A,1752,Q24/Q25/Q26. SUMMARY OF CHANGES IN THE LAST TWELVE MONTHS AS A RESULT OF BEING CONTACTED BY PROVIDER: Received a discount,Nominal,Input,8,Right,F1,F1
Q242526B_1B,1753,Q24/Q25/Q26. SUMMARY OF CHANGES IN THE LAST TWELVE MONTHS AS A RESULT OF BEING CONTACTED BY PROVIDER: Added extra or improved services,Nominal,Input,8,Right,F1,F1
Q242526B_1C,1754,Q24/Q25/Q26. SUMMARY OF CHANGES IN THE LAST TWELVE MONTHS AS A RESULT OF BEING CONTACTED BY PROVIDER: Reduced or downgraded services,Nominal,Input,8,Right,F1,F1
Q242526B_1D,1755,Q24/Q25/Q26. SUMMARY OF CHANGES IN THE LAST TWELVE MONTHS AS A RESULT OF BEING CONTACTED BY PROVIDER: ANY OF THESE CHANGES AS A RESULT OF BEING CONTACTED BY PROVIDER,Nominal,Input,8,Right,F1,F1
Q242526B_1E,1756,Q24/Q25/Q26. SUMMARY OF CHANGES IN THE LAST TWELVE MONTHS AS A RESULT OF BEING CONTACTED BY PROVIDER: ALL 3 CHANGES,Nominal,Input,8,Right,F1,F1
Q242526B_1F,1757,Q24/Q25/Q26. SUMMARY OF CHANGES IN THE LAST TWELVE MONTHS AS A RESULT OF BEING CONTACTED BY PROVIDER: DISCOUNT AND EXTRA SERVICES,Nominal,Input,8,Right,F1,F1
Q242526B_1G,1758,Q24/Q25/Q26. SUMMARY OF CHANGES IN THE LAST TWELVE MONTHS AS A RESULT OF BEING CONTACTED BY PROVIDER: DISCOUNT AND REDUCED SERVICES,Nominal,Input,8,Right,F1,F1
Q242526B_1H,1759,Q24/Q25/Q26. SUMMARY OF CHANGES IN THE LAST TWELVE MONTHS AS A RESULT OF BEING CONTACTED BY PROVIDER: EXTRA SERVICES AND REDUCED SERVICES,Nominal,Input,8,Right,F1,F1
Q242526B_1I,1760,Q24/Q25/Q26. SUMMARY OF CHANGES IN THE LAST TWELVE MONTHS AS A RESULT OF BEING CONTACTED BY PROVIDER: DISCOUNT ONLY,Nominal,Input,8,Right,F1,F1
Q242526B_1J,1761,Q24/Q25/Q26. SUMMARY OF CHANGES IN THE LAST TWELVE MONTHS AS A RESULT OF BEING CONTACTED BY PROVIDER: EXTRA SERVICES ONLY,Nominal,Input,8,Right,F1,F1
Q242526B_1K,1762,Q24/Q25/Q26. SUMMARY OF CHANGES IN THE LAST TWELVE MONTHS AS A RESULT OF BEING CONTACTED BY PROVIDER: REDUCED SERVICES ONLY,Nominal,Input,8,Right,F1,F1
Q242526B_1L,1763,Q24/Q25/Q26. SUMMARY OF CHANGES IN THE LAST TWELVE MONTHS AS A RESULT OF BEING CONTACTED BY PROVIDER: NONE OF THESE CHANGES AS A RESULT OF BEING CONTACTED BY PROVIDER,Nominal,Input,8,Right,F1,F1
Q242526A_2A,1764,Q24/Q25/Q26. SUMMARY OF CHANGES IN THE LAST TWELVE MONTHS AS A RESULT OF MAKING CONTACT WITH PROVIDER: Received a discount,Nominal,Input,8,Right,F1,F1
Q242526A_2B,1765,Q24/Q25/Q26. SUMMARY OF CHANGES IN THE LAST TWELVE MONTHS AS A RESULT OF MAKING CONTACT WITH PROVIDER: Added extra or improved services,Nominal,Input,8,Right,F1,F1
Q242526A_2C,1766,Q24/Q25/Q26. SUMMARY OF CHANGES IN THE LAST TWELVE MONTHS AS A RESULT OF MAKING CONTACT WITH PROVIDER: Reduced or downgraded services,Nominal,Input,8,Right,F1,F1
Q242526A_2D,1767,Q24/Q25/Q26. SUMMARY OF CHANGES IN THE LAST TWELVE MONTHS AS A RESULT OF MAKING CONTACT WITH PROVIDER: ANY OF THESE CHANGES AS A RESULT OF MAKING CONTACT WITH PROVIDER,Nominal,Input,8,Right,F1,F1
Q242526A_2E,1768,Q24/Q25/Q26. SUMMARY OF CHANGES IN THE LAST TWELVE MONTHS AS A RESULT OF MAKING CONTACT WITH PROVIDER: ALL 3 CHANGES,Nominal,Input,8,Right,F1,F1
Q242526A_2F,1769,Q24/Q25/Q26. SUMMARY OF CHANGES IN THE LAST TWELVE MONTHS AS A RESULT OF MAKING CONTACT WITH PROVIDER: DISCOUNT AND EXTRA SERVICES,Nominal,Input,8,Right,F1,F1
Q242526A_2G,1770,Q24/Q25/Q26. SUMMARY OF CHANGES IN THE LAST TWELVE MONTHS AS A RESULT OF MAKING CONTACT WITH PROVIDER: DISCOUNT AND REDUCED SERVICES,Nominal,Input,8,Right,F1,F1
Q242526A_2H,1771,Q24/Q25/Q26. SUMMARY OF CHANGES IN THE LAST TWELVE MONTHS AS A RESULT OF MAKING CONTACT WITH PROVIDER: EXTRA SERVICES AND REDUCED SERVICES,Nominal,Input,8,Right,F1,F1
Q242526A_2I,1772,Q24/Q25/Q26. SUMMARY OF CHANGES IN THE LAST TWELVE MONTHS AS A RESULT OF MAKING CONTACT WITH PROVIDER: DISCOUNT ONLY,Nominal,Input,8,Right,F1,F1
Q242526A_2J,1773,Q24/Q25/Q26. SUMMARY OF CHANGES IN THE LAST TWELVE MONTHS AS A RESULT OF MAKING CONTACT WITH PROVIDER: EXTRA SERVICES ONLY,Nominal,Input,8,Right,F1,F1
Q242526A_2K,1774,Q24/Q25/Q26. SUMMARY OF CHANGES IN THE LAST TWELVE MONTHS AS A RESULT OF MAKING CONTACT WITH PROVIDER: REDUCED SERVICES ONLY,Nominal,Input,8,Right,F1,F1
Q242526A_2L,1775,Q24/Q25/Q26. SUMMARY OF CHANGES IN THE LAST TWELVE MONTHS AS A RESULT OF MAKING CONTACT WITH PROVIDER: NONE OF THESE CHANGES AS A RESULT OF MAKING CONTACT WITH PROVIDER,Nominal,Input,8,Right,F1,F1
Q242526B_2A,1776,Q24/Q25/Q26. SUMMARY OF CHANGES IN THE LAST TWELVE MONTHS AS A RESULT OF BEING CONTACTED BY PROVIDER: Received a discount,Nominal,Input,8,Right,F1,F1
Q242526B_2B,1777,Q24/Q25/Q26. SUMMARY OF CHANGES IN THE LAST TWELVE MONTHS AS A RESULT OF BEING CONTACTED BY PROVIDER: Added extra or improved services,Nominal,Input,8,Right,F1,F1
Q242526B_2C,1778,Q24/Q25/Q26. SUMMARY OF CHANGES IN THE LAST TWELVE MONTHS AS A RESULT OF BEING CONTACTED BY PROVIDER: Reduced or downgraded services,Nominal,Input,8,Right,F1,F1
Q242526B_2D,1779,Q24/Q25/Q26. SUMMARY OF CHANGES IN THE LAST TWELVE MONTHS AS A RESULT OF BEING CONTACTED BY PROVIDER: ANY OF THESE CHANGES AS A RESULT OF BEING CONTACTED BY PROVIDER,Nominal,Input,8,Right,F1,F1
Q242526B_2E,1780,Q24/Q25/Q26. SUMMARY OF CHANGES IN THE LAST TWELVE MONTHS AS A RESULT OF BEING CONTACTED BY PROVIDER: ALL 3 CHANGES,Nominal,Input,8,Right,F1,F1
Q242526B_2F,1781,Q24/Q25/Q26. SUMMARY OF CHANGES IN THE LAST TWELVE MONTHS AS A RESULT OF BEING CONTACTED BY PROVIDER: DISCOUNT AND EXTRA SERVICES,Nominal,Input,8,Right,F1,F1
Q242526B_2G,1782,Q24/Q25/Q26. SUMMARY OF CHANGES IN THE LAST TWELVE MONTHS AS A RESULT OF BEING CONTACTED BY PROVIDER: DISCOUNT AND REDUCED SERVICES,Nominal,Input,8,Right,F1,F1
Q242526B_2H,1783,Q24/Q25/Q26. SUMMARY OF CHANGES IN THE LAST TWELVE MONTHS AS A RESULT OF BEING CONTACTED BY PROVIDER: EXTRA SERVICES AND REDUCED SERVICES,Nominal,Input,8,Right,F1,F1
Q242526B_2I,1784,Q24/Q25/Q26. SUMMARY OF CHANGES IN THE LAST TWELVE MONTHS AS A RESULT OF BEING CONTACTED BY PROVIDER: DISCOUNT ONLY,Nominal,Input,8,Right,F1,F1
Q242526B_2J,1785,Q24/Q25/Q26. SUMMARY OF CHANGES IN THE LAST TWELVE MONTHS AS A RESULT OF BEING CONTACTED BY PROVIDER: EXTRA SERVICES ONLY,Nominal,Input,8,Right,F1,F1
Q242526B_2K,1786,Q24/Q25/Q26. SUMMARY OF CHANGES IN THE LAST TWELVE MONTHS AS A RESULT OF BEING CONTACTED BY PROVIDER: REDUCED SERVICES ONLY,Nominal,Input,8,Right,F1,F1
Q242526B_2L,1787,Q24/Q25/Q26. SUMMARY OF CHANGES IN THE LAST TWELVE MONTHS AS A RESULT OF BEING CONTACTED BY PROVIDER: NONE OF THESE CHANGES AS A RESULT OF BEING CONTACTED BY PROVIDER,Nominal,Input,8,Right,F1,F1
Q242526A_3A,1788,Q24/Q25/Q26. SUMMARY OF CHANGES IN THE LAST TWELVE MONTHS AS A RESULT OF MAKING CONTACT WITH PROVIDER: Received a discount,Nominal,Input,8,Right,F1,F1
Q242526A_3B,1789,Q24/Q25/Q26. SUMMARY OF CHANGES IN THE LAST TWELVE MONTHS AS A RESULT OF MAKING CONTACT WITH PROVIDER: Added extra or improved services,Nominal,Input,8,Right,F1,F1
Q242526A_3C,1790,Q24/Q25/Q26. SUMMARY OF CHANGES IN THE LAST TWELVE MONTHS AS A RESULT OF MAKING CONTACT WITH PROVIDER: Reduced or downgraded services,Nominal,Input,8,Right,F1,F1
Q242526A_3D,1791,Q24/Q25/Q26. SUMMARY OF CHANGES IN THE LAST TWELVE MONTHS AS A RESULT OF MAKING CONTACT WITH PROVIDER: ANY OF THESE CHANGES AS A RESULT OF MAKING CONTACT WITH PROVIDER,Nominal,Input,8,Right,F1,F1
Q242526A_3E,1792,Q24/Q25/Q26. SUMMARY OF CHANGES IN THE LAST TWELVE MONTHS AS A RESULT OF MAKING CONTACT WITH PROVIDER: ALL 3 CHANGES,Nominal,Input,8,Right,F1,F1
Q242526A_3F,1793,Q24/Q25/Q26. SUMMARY OF CHANGES IN THE LAST TWELVE MONTHS AS A RESULT OF MAKING CONTACT WITH PROVIDER: DISCOUNT AND EXTRA SERVICES,Nominal,Input,8,Right,F1,F1
Q242526A_3G,1794,Q24/Q25/Q26. SUMMARY OF CHANGES IN THE LAST TWELVE MONTHS AS A RESULT OF MAKING CONTACT WITH PROVIDER: DISCOUNT AND REDUCED SERVICES,Nominal,Input,8,Right,F1,F1
Q242526A_3H,1795,Q24/Q25/Q26. SUMMARY OF CHANGES IN THE LAST TWELVE MONTHS AS A RESULT OF MAKING CONTACT WITH PROVIDER: EXTRA SERVICES AND REDUCED SERVICES,Nominal,Input,8,Right,F1,F1
Q242526A_3I,1796,Q24/Q25/Q26. SUMMARY OF CHANGES IN THE LAST TWELVE MONTHS AS A RESULT OF MAKING CONTACT WITH PROVIDER: DISCOUNT ONLY,Nominal,Input,8,Right,F1,F1
Q242526A_3J,1797,Q24/Q25/Q26. SUMMARY OF CHANGES IN THE LAST TWELVE MONTHS AS A RESULT OF MAKING CONTACT WITH PROVIDER: EXTRA SERVICES ONLY,Nominal,Input,8,Right,F1,F1
Q242526A_3K,1798,Q24/Q25/Q26. SUMMARY OF CHANGES IN THE LAST TWELVE MONTHS AS A RESULT OF MAKING CONTACT WITH PROVIDER: REDUCED SERVICES ONLY,Nominal,Input,8,Right,F1,F1
Q242526A_3L,1799,Q24/Q25/Q26. SUMMARY OF CHANGES IN THE LAST TWELVE MONTHS AS A RESULT OF MAKING CONTACT WITH PROVIDER: NONE OF THESE CHANGES AS A RESULT OF MAKING CONTACT WITH PROVIDER,Nominal,Input,8,Right,F1,F1
Q242526B_3A,1800,Q24/Q25/Q26. SUMMARY OF CHANGES IN THE LAST TWELVE MONTHS AS A RESULT OF BEING CONTACTED BY PROVIDER: Received a discount,Nominal,Input,8,Right,F1,F1
Q242526B_3B,1801,Q24/Q25/Q26. SUMMARY OF CHANGES IN THE LAST TWELVE MONTHS AS A RESULT OF BEING CONTACTED BY PROVIDER: Added extra or improved services,Nominal,Input,8,Right,F1,F1
Q242526B_3C,1802,Q24/Q25/Q26. SUMMARY OF CHANGES IN THE LAST TWELVE MONTHS AS A RESULT OF BEING CONTACTED BY PROVIDER: Reduced or downgraded services,Nominal,Input,8,Right,F1,F1
Q242526B_3D,1803,Q24/Q25/Q26. SUMMARY OF CHANGES IN THE LAST TWELVE MONTHS AS A RESULT OF BEING CONTACTED BY PROVIDER: ANY OF THESE CHANGES AS A RESULT OF BEING CONTACTED BY PROVIDER,Nominal,Input,8,Right,F1,F1
Q242526B_3E,1804,Q24/Q25/Q26. SUMMARY OF CHANGES IN THE LAST TWELVE MONTHS AS A RESULT OF BEING CONTACTED BY PROVIDER: ALL 3 CHANGES,Nominal,Input,8,Right,F1,F1
Q242526B_3F,1805,Q24/Q25/Q26. SUMMARY OF CHANGES IN THE LAST TWELVE MONTHS AS A RESULT OF BEING CONTACTED BY PROVIDER: DISCOUNT AND EXTRA SERVICES,Nominal,Input,8,Right,F1,F1
Q242526B_3G,1806,Q24/Q25/Q26. SUMMARY OF CHANGES IN THE LAST TWELVE MONTHS AS A RESULT OF BEING CONTACTED BY PROVIDER: DISCOUNT AND REDUCED SERVICES,Nominal,Input,8,Right,F1,F1
Q242526B_3H,1807,Q24/Q25/Q26. SUMMARY OF CHANGES IN THE LAST TWELVE MONTHS AS A RESULT OF BEING CONTACTED BY PROVIDER: EXTRA SERVICES AND REDUCED SERVICES,Nominal,Input,8,Right,F1,F1
Q242526B_3I,1808,Q24/Q25/Q26. SUMMARY OF CHANGES IN THE LAST TWELVE MONTHS AS A RESULT OF BEING CONTACTED BY PROVIDER: DISCOUNT ONLY,Nominal,Input,8,Right,F1,F1
Q242526B_3J,1809,Q24/Q25/Q26. SUMMARY OF CHANGES IN THE LAST TWELVE MONTHS AS A RESULT OF BEING CONTACTED BY PROVIDER: EXTRA SERVICES ONLY,Nominal,Input,8,Right,F1,F1
Q242526B_3K,1810,Q24/Q25/Q26. SUMMARY OF CHANGES IN THE LAST TWELVE MONTHS AS A RESULT OF BEING CONTACTED BY PROVIDER: REDUCED SERVICES ONLY,Nominal,Input,8,Right,F1,F1
Q242526B_3L,1811,Q24/Q25/Q26. SUMMARY OF CHANGES IN THE LAST TWELVE MONTHS AS A RESULT OF BEING CONTACTED BY PROVIDER: NONE OF THESE CHANGES AS A RESULT OF BEING CONTACTED BY PROVIDER,Nominal,Input,8,Right,F1,F1
Q242526A_4A,1812,Q24/Q25/Q26. SUMMARY OF CHANGES IN THE LAST TWELVE MONTHS AS A RESULT OF MAKING CONTACT WITH PROVIDER: Received a discount,Nominal,Input,8,Right,F1,F1
Q242526A_4B,1813,Q24/Q25/Q26. SUMMARY OF CHANGES IN THE LAST TWELVE MONTHS AS A RESULT OF MAKING CONTACT WITH PROVIDER: Added extra or improved services,Nominal,Input,8,Right,F1,F1
Q242526A_4C,1814,Q24/Q25/Q26. SUMMARY OF CHANGES IN THE LAST TWELVE MONTHS AS A RESULT OF MAKING CONTACT WITH PROVIDER: Reduced or downgraded services,Nominal,Input,8,Right,F1,F1
Q242526A_4D,1815,Q24/Q25/Q26. SUMMARY OF CHANGES IN THE LAST TWELVE MONTHS AS A RESULT OF MAKING CONTACT WITH PROVIDER: ANY OF THESE CHANGES AS A RESULT OF MAKING CONTACT WITH PROVIDER,Nominal,Input,8,Right,F1,F1
Q242526A_4E,1816,Q24/Q25/Q26. SUMMARY OF CHANGES IN THE LAST TWELVE MONTHS AS A RESULT OF MAKING CONTACT WITH PROVIDER: ALL 3 CHANGES,Nominal,Input,8,Right,F1,F1
Q242526A_4F,1817,Q24/Q25/Q26. SUMMARY OF CHANGES IN THE LAST TWELVE MONTHS AS A RESULT OF MAKING CONTACT WITH PROVIDER: DISCOUNT AND EXTRA SERVICES,Nominal,Input,8,Right,F1,F1
Q242526A_4G,1818,Q24/Q25/Q26. SUMMARY OF CHANGES IN THE LAST TWELVE MONTHS AS A RESULT OF MAKING CONTACT WITH PROVIDER: DISCOUNT AND REDUCED SERVICES,Nominal,Input,8,Right,F1,F1
Q242526A_4H,1819,Q24/Q25/Q26. SUMMARY OF CHANGES IN THE LAST TWELVE MONTHS AS A RESULT OF MAKING CONTACT WITH PROVIDER: EXTRA SERVICES AND REDUCED SERVICES,Nominal,Input,8,Right,F1,F1
Q242526A_4I,1820,Q24/Q25/Q26. SUMMARY OF CHANGES IN THE LAST TWELVE MONTHS AS A RESULT OF MAKING CONTACT WITH PROVIDER: DISCOUNT ONLY,Nominal,Input,8,Right,F1,F1
Q242526A_4J,1821,Q24/Q25/Q26. SUMMARY OF CHANGES IN THE LAST TWELVE MONTHS AS A RESULT OF MAKING CONTACT WITH PROVIDER: EXTRA SERVICES ONLY,Nominal,Input,8,Right,F1,F1
Q242526A_4K,1822,Q24/Q25/Q26. SUMMARY OF CHANGES IN THE LAST TWELVE MONTHS AS A RESULT OF MAKING CONTACT WITH PROVIDER: REDUCED SERVICES ONLY,Nominal,Input,8,Right,F1,F1
Q242526A_4L,1823,Q24/Q25/Q26. SUMMARY OF CHANGES IN THE LAST TWELVE MONTHS AS A RESULT OF MAKING CONTACT WITH PROVIDER: NONE OF THESE CHANGES AS A RESULT OF MAKING CONTACT WITH PROVIDER,Nominal,Input,8,Right,F1,F1
Q242526B_4A,1824,Q24/Q25/Q26. SUMMARY OF CHANGES IN THE LAST TWELVE MONTHS AS A RESULT OF BEING CONTACTED BY PROVIDER: Received a discount,Nominal,Input,8,Right,F1,F1
Q242526B_4B,1825,Q24/Q25/Q26. SUMMARY OF CHANGES IN THE LAST TWELVE MONTHS AS A RESULT OF BEING CONTACTED BY PROVIDER: Added extra or improved services,Nominal,Input,8,Right,F1,F1
Q242526B_4C,1826,Q24/Q25/Q26. SUMMARY OF CHANGES IN THE LAST TWELVE MONTHS AS A RESULT OF BEING CONTACTED BY PROVIDER: Reduced or downgraded services,Nominal,Input,8,Right,F1,F1
Q242526B_4D,1827,Q24/Q25/Q26. SUMMARY OF CHANGES IN THE LAST TWELVE MONTHS AS A RESULT OF BEING CONTACTED BY PROVIDER: ANY OF THESE CHANGES AS A RESULT OF BEING CONTACTED BY PROVIDER,Nominal,Input,8,Right,F1,F1
Q242526B_4E,1828,Q24/Q25/Q26. SUMMARY OF CHANGES IN THE LAST TWELVE MONTHS AS A RESULT OF BEING CONTACTED BY PROVIDER: ALL 3 CHANGES,Nominal,Input,8,Right,F1,F1
Q242526B_4F,1829,Q24/Q25/Q26. SUMMARY OF CHANGES IN THE LAST TWELVE MONTHS AS A RESULT OF BEING CONTACTED BY PROVIDER: DISCOUNT AND EXTRA SERVICES,Nominal,Input,8,Right,F1,F1
Q242526B_4G,1830,Q24/Q25/Q26. SUMMARY OF CHANGES IN THE LAST TWELVE MONTHS AS A RESULT OF BEING CONTACTED BY PROVIDER: DISCOUNT AND REDUCED SERVICES,Nominal,Input,8,Right,F1,F1
Q242526B_4H,1831,Q24/Q25/Q26. SUMMARY OF CHANGES IN THE LAST TWELVE MONTHS AS A RESULT OF BEING CONTACTED BY PROVIDER: EXTRA SERVICES AND REDUCED SERVICES,Nominal,Input,8,Right,F1,F1
Q242526B_4I,1832,Q24/Q25/Q26. SUMMARY OF CHANGES IN THE LAST TWELVE MONTHS AS A RESULT OF BEING CONTACTED BY PROVIDER: DISCOUNT ONLY,Nominal,Input,8,Right,F1,F1
Q242526B_4J,1833,Q24/Q25/Q26. SUMMARY OF CHANGES IN THE LAST TWELVE MONTHS AS A RESULT OF BEING CONTACTED BY PROVIDER: EXTRA SERVICES ONLY,Nominal,Input,8,Right,F1,F1
Q242526B_4K,1834,Q24/Q25/Q26. SUMMARY OF CHANGES IN THE LAST TWELVE MONTHS AS A RESULT OF BEING CONTACTED BY PROVIDER: REDUCED SERVICES ONLY,Nominal,Input,8,Right,F1,F1
Q242526B_4L,1835,Q24/Q25/Q26. SUMMARY OF CHANGES IN THE LAST TWELVE MONTHS AS A RESULT OF BEING CONTACTED BY PROVIDER: NONE OF THESE CHANGES AS A RESULT OF BEING CONTACTED BY PROVIDER,Nominal,Input,8,Right,F1,F1
Q242526A_5A,1836,Q24/Q25/Q26. SUMMARY OF CHANGES IN THE LAST TWELVE MONTHS AS A RESULT OF MAKING CONTACT WITH PROVIDER: Received a discount,Nominal,Input,8,Right,F1,F1
Q242526A_5B,1837,Q24/Q25/Q26. SUMMARY OF CHANGES IN THE LAST TWELVE MONTHS AS A RESULT OF MAKING CONTACT WITH PROVIDER: Added extra or improved services,Nominal,Input,8,Right,F1,F1
Q242526A_5C,1838,Q24/Q25/Q26. SUMMARY OF CHANGES IN THE LAST TWELVE MONTHS AS A RESULT OF MAKING CONTACT WITH PROVIDER: Reduced or downgraded services,Nominal,Input,8,Right,F1,F1
Q242526A_5D,1839,Q24/Q25/Q26. SUMMARY OF CHANGES IN THE LAST TWELVE MONTHS AS A RESULT OF MAKING CONTACT WITH PROVIDER: ANY OF THESE CHANGES AS A RESULT OF MAKING CONTACT WITH PROVIDER,Nominal,Input,8,Right,F1,F1
Q242526A_5E,1840,Q24/Q25/Q26. SUMMARY OF CHANGES IN THE LAST TWELVE MONTHS AS A RESULT OF MAKING CONTACT WITH PROVIDER: ALL 3 CHANGES,Nominal,Input,8,Right,F1,F1
Q242526A_5F,1841,Q24/Q25/Q26. SUMMARY OF CHANGES IN THE LAST TWELVE MONTHS AS A RESULT OF MAKING CONTACT WITH PROVIDER: DISCOUNT AND EXTRA SERVICES,Nominal,Input,8,Right,F1,F1
Q242526A_5G,1842,Q24/Q25/Q26. SUMMARY OF CHANGES IN THE LAST TWELVE MONTHS AS A RESULT OF MAKING CONTACT WITH PROVIDER: DISCOUNT AND REDUCED SERVICES,Nominal,Input,8,Right,F1,F1
Q242526A_5H,1843,Q24/Q25/Q26. SUMMARY OF CHANGES IN THE LAST TWELVE MONTHS AS A RESULT OF MAKING CONTACT WITH PROVIDER: EXTRA SERVICES AND REDUCED SERVICES,Nominal,Input,8,Right,F1,F1
Q242526A_5I,1844,Q24/Q25/Q26. SUMMARY OF CHANGES IN THE LAST TWELVE MONTHS AS A RESULT OF MAKING CONTACT WITH PROVIDER: DISCOUNT ONLY,Nominal,Input,8,Right,F1,F1
Q242526A_5J,1845,Q24/Q25/Q26. SUMMARY OF CHANGES IN THE LAST TWELVE MONTHS AS A RESULT OF MAKING CONTACT WITH PROVIDER: EXTRA SERVICES ONLY,Nominal,Input,8,Right,F1,F1
Q242526A_5K,1846,Q24/Q25/Q26. SUMMARY OF CHANGES IN THE LAST TWELVE MONTHS AS A RESULT OF MAKING CONTACT WITH PROVIDER: REDUCED SERVICES ONLY,Nominal,Input,8,Right,F1,F1
Q242526A_5L,1847,Q24/Q25/Q26. SUMMARY OF CHANGES IN THE LAST TWELVE MONTHS AS A RESULT OF MAKING CONTACT WITH PROVIDER: NONE OF THESE CHANGES AS A RESULT OF MAKING CONTACT WITH PROVIDER,Nominal,Input,8,Right,F1,F1
Q242526B_5A,1848,Q24/Q25/Q26. SUMMARY OF CHANGES IN THE LAST TWELVE MONTHS AS A RESULT OF BEING CONTACTED BY PROVIDER: Received a discount,Nominal,Input,8,Right,F1,F1
Q242526B_5B,1849,Q24/Q25/Q26. SUMMARY OF CHANGES IN THE LAST TWELVE MONTHS AS A RESULT OF BEING CONTACTED BY PROVIDER: Added extra or improved services,Nominal,Input,8,Right,F1,F1
Q242526B_5C,1850,Q24/Q25/Q26. SUMMARY OF CHANGES IN THE LAST TWELVE MONTHS AS A RESULT OF BEING CONTACTED BY PROVIDER: Reduced or downgraded services,Nominal,Input,8,Right,F1,F1
Q242526B_5D,1851,Q24/Q25/Q26. SUMMARY OF CHANGES IN THE LAST TWELVE MONTHS AS A RESULT OF BEING CONTACTED BY PROVIDER: ANY OF THESE CHANGES AS A RESULT OF BEING CONTACTED BY PROVIDER,Nominal,Input,8,Right,F1,F1
Q242526B_5E,1852,Q24/Q25/Q26. SUMMARY OF CHANGES IN THE LAST TWELVE MONTHS AS A RESULT OF BEING CONTACTED BY PROVIDER: ALL 3 CHANGES,Nominal,Input,8,Right,F1,F1
Q242526B_5F,1853,Q24/Q25/Q26. SUMMARY OF CHANGES IN THE LAST TWELVE MONTHS AS A RESULT OF BEING CONTACTED BY PROVIDER: DISCOUNT AND EXTRA SERVICES,Nominal,Input,8,Right,F1,F1
Q242526B_5G,1854,Q24/Q25/Q26. SUMMARY OF CHANGES IN THE LAST TWELVE MONTHS AS A RESULT OF BEING CONTACTED BY PROVIDER: DISCOUNT AND REDUCED SERVICES,Nominal,Input,8,Right,F1,F1
Q242526B_5H,1855,Q24/Q25/Q26. SUMMARY OF CHANGES IN THE LAST TWELVE MONTHS AS A RESULT OF BEING CONTACTED BY PROVIDER: EXTRA SERVICES AND REDUCED SERVICES,Nominal,Input,8,Right,F1,F1
Q242526B_5I,1856,Q24/Q25/Q26. SUMMARY OF CHANGES IN THE LAST TWELVE MONTHS AS A RESULT OF BEING CONTACTED BY PROVIDER: DISCOUNT ONLY,Nominal,Input,8,Right,F1,F1
Q242526B_5J,1857,Q24/Q25/Q26. SUMMARY OF CHANGES IN THE LAST TWELVE MONTHS AS A RESULT OF BEING CONTACTED BY PROVIDER: EXTRA SERVICES ONLY,Nominal,Input,8,Right,F1,F1
Q242526B_5K,1858,Q24/Q25/Q26. SUMMARY OF CHANGES IN THE LAST TWELVE MONTHS AS A RESULT OF BEING CONTACTED BY PROVIDER: REDUCED SERVICES ONLY,Nominal,Input,8,Right,F1,F1
Q242526B_5L,1859,Q24/Q25/Q26. SUMMARY OF CHANGES IN THE LAST TWELVE MONTHS AS A RESULT OF BEING CONTACTED BY PROVIDER: NONE OF THESE CHANGES AS A RESULT OF BEING CONTACTED BY PROVIDER,Nominal,Input,8,Right,F1,F1
Q242526A_6A,1860,Q24/Q25/Q26. SUMMARY OF CHANGES IN THE LAST TWELVE MONTHS AS A RESULT OF MAKING CONTACT WITH PROVIDER: Received a discount,Nominal,Input,8,Right,F1,F1
Q242526A_6B,1861,Q24/Q25/Q26. SUMMARY OF CHANGES IN THE LAST TWELVE MONTHS AS A RESULT OF MAKING CONTACT WITH PROVIDER: Added extra or improved services,Nominal,Input,8,Right,F1,F1
Q242526A_6C,1862,Q24/Q25/Q26. SUMMARY OF CHANGES IN THE LAST TWELVE MONTHS AS A RESULT OF MAKING CONTACT WITH PROVIDER: Reduced or downgraded services,Nominal,Input,8,Right,F1,F1
Q242526A_6D,1863,Q24/Q25/Q26. SUMMARY OF CHANGES IN THE LAST TWELVE MONTHS AS A RESULT OF MAKING CONTACT WITH PROVIDER: ANY OF THESE CHANGES AS A RESULT OF MAKING CONTACT WITH PROVIDER,Nominal,Input,8,Right,F1,F1
Q242526A_6E,1864,Q24/Q25/Q26. SUMMARY OF CHANGES IN THE LAST TWELVE MONTHS AS A RESULT OF MAKING CONTACT WITH PROVIDER: ALL 3 CHANGES,Nominal,Input,8,Right,F1,F1
Q242526A_6F,1865,Q24/Q25/Q26. SUMMARY OF CHANGES IN THE LAST TWELVE MONTHS AS A RESULT OF MAKING CONTACT WITH PROVIDER: DISCOUNT AND EXTRA SERVICES,Nominal,Input,8,Right,F1,F1
Q242526A_6G,1866,Q24/Q25/Q26. SUMMARY OF CHANGES IN THE LAST TWELVE MONTHS AS A RESULT OF MAKING CONTACT WITH PROVIDER: DISCOUNT AND REDUCED SERVICES,Nominal,Input,8,Right,F1,F1
Q242526A_6H,1867,Q24/Q25/Q26. SUMMARY OF CHANGES IN THE LAST TWELVE MONTHS AS A RESULT OF MAKING CONTACT WITH PROVIDER: EXTRA SERVICES AND REDUCED SERVICES,Nominal,Input,8,Right,F1,F1
Q242526A_6I,1868,Q24/Q25/Q26. SUMMARY OF CHANGES IN THE LAST TWELVE MONTHS AS A RESULT OF MAKING CONTACT WITH PROVIDER: DISCOUNT ONLY,Nominal,Input,8,Right,F1,F1
Q242526A_6J,1869,Q24/Q25/Q26. SUMMARY OF CHANGES IN THE LAST TWELVE MONTHS AS A RESULT OF MAKING CONTACT WITH PROVIDER: EXTRA SERVICES ONLY,Nominal,Input,8,Right,F1,F1
Q242526A_6K,1870,Q24/Q25/Q26. SUMMARY OF CHANGES IN THE LAST TWELVE MONTHS AS A RESULT OF MAKING CONTACT WITH PROVIDER: REDUCED SERVICES ONLY,Nominal,Input,8,Right,F1,F1
Q242526A_6L,1871,Q24/Q25/Q26. SUMMARY OF CHANGES IN THE LAST TWELVE MONTHS AS A RESULT OF MAKING CONTACT WITH PROVIDER: NONE OF THESE CHANGES AS A RESULT OF MAKING CONTACT WITH PROVIDER,Nominal,Input,8,Right,F1,F1
Q242526B_6A,1872,Q24/Q25/Q26. SUMMARY OF CHANGES IN THE LAST TWELVE MONTHS AS A RESULT OF BEING CONTACTED BY PROVIDER: Received a discount,Nominal,Input,8,Right,F1,F1
Q242526B_6B,1873,Q24/Q25/Q26. SUMMARY OF CHANGES IN THE LAST TWELVE MONTHS AS A RESULT OF BEING CONTACTED BY PROVIDER: Added extra or improved services,Nominal,Input,8,Right,F1,F1
Q242526B_6C,1874,Q24/Q25/Q26. SUMMARY OF CHANGES IN THE LAST TWELVE MONTHS AS A RESULT OF BEING CONTACTED BY PROVIDER: Reduced or downgraded services,Nominal,Input,8,Right,F1,F1
Q242526B_6D,1875,Q24/Q25/Q26. SUMMARY OF CHANGES IN THE LAST TWELVE MONTHS AS A RESULT OF BEING CONTACTED BY PROVIDER: ANY OF THESE CHANGES AS A RESULT OF BEING CONTACTED BY PROVIDER,Nominal,Input,8,Right,F1,F1
Q242526B_6E,1876,Q24/Q25/Q26. SUMMARY OF CHANGES IN THE LAST TWELVE MONTHS AS A RESULT OF BEING CONTACTED BY PROVIDER: ALL 3 CHANGES,Nominal,Input,8,Right,F1,F1
Q242526B_6F,1877,Q24/Q25/Q26. SUMMARY OF CHANGES IN THE LAST TWELVE MONTHS AS A RESULT OF BEING CONTACTED BY PROVIDER: DISCOUNT AND EXTRA SERVICES,Nominal,Input,8,Right,F1,F1
Q242526B_6G,1878,Q24/Q25/Q26. SUMMARY OF CHANGES IN THE LAST TWELVE MONTHS AS A RESULT OF BEING CONTACTED BY PROVIDER: DISCOUNT AND REDUCED SERVICES,Nominal,Input,8,Right,F1,F1
Q242526B_6H,1879,Q24/Q25/Q26. SUMMARY OF CHANGES IN THE LAST TWELVE MONTHS AS A RESULT OF BEING CONTACTED BY PROVIDER: EXTRA SERVICES AND REDUCED SERVICES,Nominal,Input,8,Right,F1,F1
Q242526B_6I,1880,Q24/Q25/Q26. SUMMARY OF CHANGES IN THE LAST TWELVE MONTHS AS A RESULT OF BEING CONTACTED BY PROVIDER: DISCOUNT ONLY,Nominal,Input,8,Right,F1,F1
Q242526B_6J,1881,Q24/Q25/Q26. SUMMARY OF CHANGES IN THE LAST TWELVE MONTHS AS A RESULT OF BEING CONTACTED BY PROVIDER: EXTRA SERVICES ONLY,Nominal,Input,8,Right,F1,F1
Q242526B_6K,1882,Q24/Q25/Q26. SUMMARY OF CHANGES IN THE LAST TWELVE MONTHS AS A RESULT OF BEING CONTACTED BY PROVIDER: REDUCED SERVICES ONLY,Nominal,Input,8,Right,F1,F1
Q242526B_6L,1883,Q24/Q25/Q26. SUMMARY OF CHANGES IN THE LAST TWELVE MONTHS AS A RESULT OF BEING CONTACTED BY PROVIDER: NONE OF THESE CHANGES AS A RESULT OF BEING CONTACTED BY PROVIDER,Nominal,Input,8,Right,F1,F1
Q242526ASUMA,1884,Q24/Q25/Q26. SUMMARY OF CHANGES IN THE LAST TWELVE MONTHS AS A RESULT OF MAKING CONTACT WITH PROVIDER: Received a discount,Nominal,Input,8,Right,F1,F1
Q242526ASUMB,1885,Q24/Q25/Q26. SUMMARY OF CHANGES IN THE LAST TWELVE MONTHS AS A RESULT OF MAKING CONTACT WITH PROVIDER: Added extra or improved services,Nominal,Input,8,Right,F1,F1
Q242526ASUMC,1886,Q24/Q25/Q26. SUMMARY OF CHANGES IN THE LAST TWELVE MONTHS AS A RESULT OF MAKING CONTACT WITH PROVIDER: Reduced or downgraded services,Nominal,Input,8,Right,F1,F1
Q242526ASUMD,1887,Q24/Q25/Q26. SUMMARY OF CHANGES IN THE LAST TWELVE MONTHS AS A RESULT OF MAKING CONTACT WITH PROVIDER: ANY OF THESE CHANGES AS A RESULT OF MAKING CONTACT WITH PROVIDER,Nominal,Input,8,Right,F1,F1
Q242526BSUMA,1888,Q24/Q25/Q26. SUMMARY OF CHANGES IN THE LAST TWELVE MONTHS AS A RESULT OF BEING CONTACTED BY PROVIDER: Received a discount,Nominal,Input,8,Right,F1,F1
Q242526BSUMB,1889,Q24/Q25/Q26. SUMMARY OF CHANGES IN THE LAST TWELVE MONTHS AS A RESULT OF BEING CONTACTED BY PROVIDER: Added extra or improved services,Nominal,Input,8,Right,F1,F1
Q242526BSUMC,1890,Q24/Q25/Q26. SUMMARY OF CHANGES IN THE LAST TWELVE MONTHS AS A RESULT OF BEING CONTACTED BY PROVIDER: Reduced or downgraded services,Nominal,Input,8,Right,F1,F1
Q242526BSUMD,1891,Q24/Q25/Q26. SUMMARY OF CHANGES IN THE LAST TWELVE MONTHS AS A RESULT OF BEING CONTACTED BY PROVIDER: ANY OF THESE CHANGES AS A RESULT OF BEING CONTACTED BY PROVIDER,Nominal,Input,8,Right,F1,F1
QLLSUMA,1892,LANDLINE - SUMMARY OF BEHAVIOUR: SWITCHED IN LAST 12 MONTHS,Nominal,Input,8,Right,F1,F1
QLLSUMB,1893,LANDLINE - SUMMARY OF BEHAVIOUR: CURRENTLY LOOKING FOR A NEW DEAL,Nominal,Input,8,Right,F1,F1
QLLSUMC,1894,LANDLINE - SUMMARY OF BEHAVIOUR: NEITHER,Nominal,Input,8,Right,F1,F1
QLLSUMNMA,1895,LANDLINE - SUMMARY OF BEHAVIOUR - EXCLUDING MOVERS: SWITCHED IN LAST 12 MONTHS,Nominal,Input,8,Right,F1,F1
QLLSUMNMB,1896,LANDLINE - SUMMARY OF BEHAVIOUR - EXCLUDING MOVERS: CURRENTLY LOOKING FOR A NEW DEAL,Nominal,Input,8,Right,F1,F1
QLLSUMNMC,1897,LANDLINE - SUMMARY OF BEHAVIOUR - EXCLUDING MOVERS: NEITHER,Nominal,Input,8,Right,F1,F1
QLLOVERLAP,1898,SUMMARY TO SHOW OVERLAP IN SWITCHING AND INITIATING CHANGE IN LAST 12 MONTHS,Nominal,Input,8,Right,F1,F1
QMPSUMA,1899,MOBILE PHONE - SUMMARY OF BEHAVIOUR: SWITCHED IN LAST 12 MONTHS,Nominal,Input,8,Right,F1,F1
QMPSUMB,1900,MOBILE PHONE - SUMMARY OF BEHAVIOUR: CURRENTLY LOOKING FOR A NEW DEAL,Nominal,Input,8,Right,F1,F1
QMPSUMC,1901,MOBILE PHONE - SUMMARY OF BEHAVIOUR: NEITHER,Nominal,Input,8,Right,F1,F1
QMPOVERLAP,1902,SUMMARY TO SHOW OVERLAP IN SWITCHING AND INITIATING CHANGE IN LAST 12 MONTHS,Nominal,Input,8,Right,F1,F1
QBBSUMA,1903,FIXED BROADBAND - SUMMARY OF BEHAVIOUR: SWITCHED IN LAST 12 MONTHS,Nominal,Input,8,Right,F1,F1
QBBSUMB,1904,FIXED BROADBAND - SUMMARY OF BEHAVIOUR: CURRENTLY LOOKING FOR A NEW DEAL,Nominal,Input,8,Right,F1,F1
QBBSUMC,1905,FIXED BROADBAND - SUMMARY OF BEHAVIOUR: NEITHER,Nominal,Input,8,Right,F1,F1
QBBSUMNMA,1906,FIXED BROADBAND - SUMMARY OF BEHAVIOUR - EXCLUDING MOVERS: SWITCHED IN LAST 12 MONTHS,Nominal,Input,8,Right,F1,F1
QBBSUMNMB,1907,FIXED BROADBAND - SUMMARY OF BEHAVIOUR - EXCLUDING MOVERS: CURRENTLY LOOKING FOR A NEW DEAL,Nominal,Input,8,Right,F1,F1
QBBSUMNMC,1908,FIXED BROADBAND - SUMMARY OF BEHAVIOUR - EXCLUDING MOVERS: NEITHER,Nominal,Input,8,Right,F1,F1
QBBOVERLAP,1909,SUMMARY TO SHOW OVERLAP IN SWITCHING AND INITIATING CHANGE IN LAST 12 MONTHS,Nominal,Input,8,Right,F1,F1
QBBSUMLEA,1910,FIXED BROADBAND - SUMMARY OF BEHAVIOUR: SWITCHED IN LAST 12 MONTHS,Nominal,Input,8,Right,F1,F1
QBBSUMLEB,1911,FIXED BROADBAND - SUMMARY OF BEHAVIOUR: EVER SWITCHED,Nominal,Input,8,Right,F1,F1
QPTVSUMA,1912,PAY TV - SUMMARY OF BEHAVIOUR: SWITCHED IN LAST 12 MONTHS,Nominal,Input,8,Right,F1,F1
QPTVSUMB,1913,PAY TV - SUMMARY OF BEHAVIOUR: CURRENTLY LOOKING FOR A NEW DEAL,Nominal,Input,8,Right,F1,F1
QPTVSUMC,1914,PAY TV - SUMMARY OF BEHAVIOUR: NEITHER,Nominal,Input,8,Right,F1,F1
QPTVSUMNMA,1915,PAY TV - SUMMARY OF BEHAVIOUR - EXCLUDING MOVERS: SWITCHED IN LAST 12 MONTHS,Nominal,Input,8,Right,F1,F1
QPTVSUMNMB,1916,PAY TV - SUMMARY OF BEHAVIOUR - EXCLUDING MOVERS: CURRENTLY LOOKING FOR A NEW DEAL,Nominal,Input,8,Right,F1,F1
QPTVSUMNMC,1917,PAY TV - SUMMARY OF BEHAVIOUR - EXCLUDING MOVERS: NEITHER,Nominal,Input,8,Right,F1,F1
QPTVOVERLAP,1918,SUMMARY TO SHOW OVERLAP IN SWITCHING AND INITIATING CHANGE IN LAST 12 MONTHS,Nominal,Input,8,Right,F1,F1
QFTVSUMA,1919,FREE TV - SUMMARY OF BEHAVIOUR: SWITCHED IN LAST 12 MONTHS,Nominal,Input,8,Right,F1,F1
QFTVSUMB,1920,FREE TV - SUMMARY OF BEHAVIOUR: CURRENTLY LOOKING FOR A NEW DEAL,Nominal,Input,8,Right,F1,F1
QFTVSUMC,1921,FREE TV - SUMMARY OF BEHAVIOUR: NEITHER,Nominal,Input,8,Right,F1,F1
QFTVSUMNMA,1922,FREE TV - SUMMARY OF BEHAVIOUR - EXCLUDING MOVERS: SWITCHED IN LAST 12 MONTHS,Nominal,Input,8,Right,F1,F1
QFTVSUMNMB,1923,FREE TV - SUMMARY OF BEHAVIOUR - EXCLUDING MOVERS: CURRENTLY LOOKING FOR A NEW DEAL,Nominal,Input,8,Right,F1,F1
QFTVSUMNMC,1924,FREE TV - SUMMARY OF BEHAVIOUR - EXCLUDING MOVERS: NEITHER,Nominal,Input,8,Right,F1,F1
QDPSISUMA,1925,DUAL PLAY (SIMPLE) - SUMMARY OF BEHAVIOUR: SWITCHED ANY SERVICE IN LAST 12 MONTHS,Nominal,Input,8,Right,F1,F1
QDPSISUMB,1926,DUAL PLAY (SIMPLE) - SUMMARY OF BEHAVIOUR: SWITCHED ANY SERVICE IN LAST 12 MONTHS EXCLUDING MOVERS,Nominal,Input,8,Right,F1,F1
QDPOVERLAP,1927,SUMMARY TO SHOW OVERLAP IN SWITCHING AND INITIATING CHANGE IN LAST 12 MONTHS,Nominal,Input,8,Right,F1,F1
QDPRESUMA,1928,DUAL PLAY (REGARD) - SUMMARY OF BEHAVIOUR: SWITCHED ANY SERVICE IN LAST 12 MONTHS,Nominal,Input,8,Right,F1,F1
QDPRESUMB,1929,DUAL PLAY (REGARD) - SUMMARY OF BEHAVIOUR: SWITCHED ANY SERVICE IN LAST 12 MONTHS EXCLUDING MOVERS,Nominal,Input,8,Right,F1,F1
QTPSISUMA,1930,TRIPLE PLAY (SIMPLE) - SUMMARY OF BEHAVIOUR: SWITCHED ANY SERVICE IN LAST 12 MONTHS,Nominal,Input,8,Right,F1,F1
QTPSISUMB,1931,TRIPLE PLAY (SIMPLE) - SUMMARY OF BEHAVIOUR: SWITCHED ANY SERVICE IN LAST 12 MONTHS EXCLUDING MOVERS,Nominal,Input,8,Right,F1,F1
QTPSISUMABA,1932,TRIPLE PLAY (SIMPLE) - SUMMARY OF BEHAVIOUR: SWITCHED ANY LL OR BB SERVICE IN LAST 12 MONTHS,Nominal,Input,8,Right,F1,F1
QTPSISUMABB,1933,TRIPLE PLAY (SIMPLE) - SUMMARY OF BEHAVIOUR: SWITCHED ANY LL OR BB SERVICE IN LAST 12 MONTHS EXCLUDING MOVERS,Nominal,Input,8,Right,F1,F1
QTPOVERLAP,1934,SUMMARY TO SHOW OVERLAP IN SWITCHING AND INITIATING CHANGE IN LAST 12 MONTHS,Nominal,Input,8,Right,F1,F1
QTPRESUMA,1935,TRIPLE PLAY (REGARD) - SUMMARY OF BEHAVIOUR: SWITCHED ANY SERVICE IN LAST 12 MONTHS,Nominal,Input,8,Right,F1,F1
QTPRESUMB,1936,TRIPLE PLAY (REGARD) - SUMMARY OF BEHAVIOUR: SWITCHED ANY SERVICE IN LAST 12 MONTHS EXCLUDING MOVERS,Nominal,Input,8,Right,F1,F1
ANYSWITCHA,1937,SWITCHED IN THE LAST 12 MONTHS WITHOUT MOVING - SUMMARY FOR GEORGIA 7 OCTOBER 2022: LANDLINE,Nominal,Input,8,Right,F1,F1
ANYSWITCHB,1938,SWITCHED IN THE LAST 12 MONTHS WITHOUT MOVING - SUMMARY FOR GEORGIA 7 OCTOBER 2022: FIXED BROADBAND,Nominal,Input,8,Right,F1,F1
ANYSWITCHC,1939,SWITCHED IN THE LAST 12 MONTHS WITHOUT MOVING - SUMMARY FOR GEORGIA 7 OCTOBER 2022: MOBILE PHONE,Nominal,Input,8,Right,F1,F1
ANYSWITCHD,1940,SWITCHED IN THE LAST 12 MONTHS WITHOUT MOVING - SUMMARY FOR GEORGIA 7 OCTOBER 2022: PAY TV,Nominal,Input,8,Right,F1,F1
ANYSWITCHE,1941,SWITCHED IN THE LAST 12 MONTHS WITHOUT MOVING - SUMMARY FOR GEORGIA 7 OCTOBER 2022: ANY OF THESE,Nominal,Input,8,Right,F1,F1
ANYSWITCHF,1942,SWITCHED IN THE LAST 12 MONTHS WITHOUT MOVING - SUMMARY FOR GEORGIA 7 OCTOBER 2022: NONE OF THESE,Nominal,Input,8,Right,F1,F1
ANYSWITCH2A,1943,SWITCHED IN THE LAST 12 MONTHS (INCLUDING THOSE MOVING) - SUMMARY FOR GEORGIA 7 OCTOBER 2022: LANDLINE,Nominal,Input,8,Right,F1,F1
ANYSWITCH2B,1944,SWITCHED IN THE LAST 12 MONTHS (INCLUDING THOSE MOVING) - SUMMARY FOR GEORGIA 7 OCTOBER 2022: FIXED BROADBAND,Nominal,Input,8,Right,F1,F1
ANYSWITCH2C,1945,SWITCHED IN THE LAST 12 MONTHS (INCLUDING THOSE MOVING) - SUMMARY FOR GEORGIA 7 OCTOBER 2022: MOBILE PHONE,Nominal,Input,8,Right,F1,F1
ANYSWITCH2D,1946,SWITCHED IN THE LAST 12 MONTHS (INCLUDING THOSE MOVING) - SUMMARY FOR GEORGIA 7 OCTOBER 2022: PAY TV,Nominal,Input,8,Right,F1,F1
ANYSWITCH2E,1947,SWITCHED IN THE LAST 12 MONTHS (INCLUDING THOSE MOVING) - SUMMARY FOR GEORGIA 7 OCTOBER 2022: ANY OF THESE,Nominal,Input,8,Right,F1,F1
ANYSWITCH2F,1948,SWITCHED IN THE LAST 12 MONTHS (INCLUDING THOSE MOVING) - SUMMARY FOR GEORGIA 7 OCTOBER 2022: NONE OF THESE,Nominal,Input,8,Right,F1,F1
Q242526A_BUNSA,1949,Q24/Q25/Q26. SUMMARY OF CHANGES IN THE LAST TWELVE MONTHS AS A RESULT OF MAKING CONTACT WITH PROVIDER: Received a discount,Nominal,Input,8,Right,F1,F1
Q242526A_BUNSB,1950,Q24/Q25/Q26. SUMMARY OF CHANGES IN THE LAST TWELVE MONTHS AS A RESULT OF MAKING CONTACT WITH PROVIDER: Added extra or improved services,Nominal,Input,8,Right,F1,F1
Q242526A_BUNSC,1951,Q24/Q25/Q26. SUMMARY OF CHANGES IN THE LAST TWELVE MONTHS AS A RESULT OF MAKING CONTACT WITH PROVIDER: Reduced or downgraded services,Nominal,Input,8,Right,F1,F1
Q242526A_BUNSD,1952,Q24/Q25/Q26. SUMMARY OF CHANGES IN THE LAST TWELVE MONTHS AS A RESULT OF MAKING CONTACT WITH PROVIDER: ANY OF THESE CHANGES AS A RESULT OF MAKING CONTACT WITH PROVIDER,Nominal,Input,8,Right,F1,F1
Q242526A_BUNSE,1953,Q24/Q25/Q26. SUMMARY OF CHANGES IN THE LAST TWELVE MONTHS AS A RESULT OF MAKING CONTACT WITH PROVIDER: ALL 3 CHANGES,Nominal,Input,8,Right,F1,F1
Q242526A_BUNSF,1954,Q24/Q25/Q26. SUMMARY OF CHANGES IN THE LAST TWELVE MONTHS AS A RESULT OF MAKING CONTACT WITH PROVIDER: DISCOUNT AND EXTRA SERVICES,Nominal,Input,8,Right,F1,F1
Q242526A_BUNSG,1955,Q24/Q25/Q26. SUMMARY OF CHANGES IN THE LAST TWELVE MONTHS AS A RESULT OF MAKING CONTACT WITH PROVIDER: DISCOUNT AND REDUCED SERVICES,Nominal,Input,8,Right,F1,F1
Q242526A_BUNSH,1956,Q24/Q25/Q26. SUMMARY OF CHANGES IN THE LAST TWELVE MONTHS AS A RESULT OF MAKING CONTACT WITH PROVIDER: EXTRA SERVICES AND REDUCED SERVICES,Nominal,Input,8,Right,F1,F1
Q242526A_BUNSI,1957,Q24/Q25/Q26. SUMMARY OF CHANGES IN THE LAST TWELVE MONTHS AS A RESULT OF MAKING CONTACT WITH PROVIDER: DISCOUNT ONLY,Nominal,Input,8,Right,F1,F1
Q242526A_BUNSJ,1958,Q24/Q25/Q26. SUMMARY OF CHANGES IN THE LAST TWELVE MONTHS AS A RESULT OF MAKING CONTACT WITH PROVIDER: EXTRA SERVICES ONLY,Nominal,Input,8,Right,F1,F1
Q242526A_BUNSK,1959,Q24/Q25/Q26. SUMMARY OF CHANGES IN THE LAST TWELVE MONTHS AS A RESULT OF MAKING CONTACT WITH PROVIDER: REDUCED SERVICES ONLY,Nominal,Input,8,Right,F1,F1
Q242526A_BUNSL,1960,Q24/Q25/Q26. SUMMARY OF CHANGES IN THE LAST TWELVE MONTHS AS A RESULT OF MAKING CONTACT WITH PROVIDER: NONE OF THESE CHANGES AS A RESULT OF MAKING CONTACT WITH PROVIDER,Nominal,Input,8,Right,F1,F1
Q242526B_BUNSA,1961,Q24/Q25/Q26. SUMMARY OF CHANGES IN THE LAST TWELVE MONTHS AS A RESULT OF BEING CONTACTED BY PROVIDER: Received a discount,Nominal,Input,8,Right,F1,F1
Q242526B_BUNSB,1962,Q24/Q25/Q26. SUMMARY OF CHANGES IN THE LAST TWELVE MONTHS AS A RESULT OF BEING CONTACTED BY PROVIDER: Added extra or improved services,Nominal,Input,8,Right,F1,F1
Q242526B_BUNSC,1963,Q24/Q25/Q26. SUMMARY OF CHANGES IN THE LAST TWELVE MONTHS AS A RESULT OF BEING CONTACTED BY PROVIDER: Reduced or downgraded services,Nominal,Input,8,Right,F1,F1
Q242526B_BUNSD,1964,Q24/Q25/Q26. SUMMARY OF CHANGES IN THE LAST TWELVE MONTHS AS A RESULT OF BEING CONTACTED BY PROVIDER: ANY OF THESE CHANGES AS A RESULT OF BEING CONTACTED BY PROVIDER,Nominal,Input,8,Right,F1,F1
Q242526B_BUNSE,1965,Q24/Q25/Q26. SUMMARY OF CHANGES IN THE LAST TWELVE MONTHS AS A RESULT OF BEING CONTACTED BY PROVIDER: ALL 3 CHANGES,Nominal,Input,8,Right,F1,F1
Q242526B_BUNSF,1966,Q24/Q25/Q26. SUMMARY OF CHANGES IN THE LAST TWELVE MONTHS AS A RESULT OF BEING CONTACTED BY PROVIDER: DISCOUNT AND EXTRA SERVICES,Nominal,Input,8,Right,F1,F1
Q242526B_BUNSG,1967,Q24/Q25/Q26. SUMMARY OF CHANGES IN THE LAST TWELVE MONTHS AS A RESULT OF BEING CONTACTED BY PROVIDER: DISCOUNT AND REDUCED SERVICES,Nominal,Input,8,Right,F1,F1
Q242526B_BUNSH,1968,Q24/Q25/Q26. SUMMARY OF CHANGES IN THE LAST TWELVE MONTHS AS A RESULT OF BEING CONTACTED BY PROVIDER: EXTRA SERVICES AND REDUCED SERVICES,Nominal,Input,8,Right,F1,F1
Q242526B_BUNSI,1969,Q24/Q25/Q26. SUMMARY OF CHANGES IN THE LAST TWELVE MONTHS AS A RESULT OF BEING CONTACTED BY PROVIDER: DISCOUNT ONLY,Nominal,Input,8,Right,F1,F1
Q242526B_BUNSJ,1970,Q24/Q25/Q26. SUMMARY OF CHANGES IN THE LAST TWELVE MONTHS AS A RESULT OF BEING CONTACTED BY PROVIDER: EXTRA SERVICES ONLY,Nominal,Input,8,Right,F1,F1
Q242526B_BUNSK,1971,Q24/Q25/Q26. SUMMARY OF CHANGES IN THE LAST TWELVE MONTHS AS A RESULT OF BEING CONTACTED BY PROVIDER: REDUCED SERVICES ONLY,Nominal,Input,8,Right,F1,F1
Q242526B_BUNSL,1972,Q24/Q25/Q26. SUMMARY OF CHANGES IN THE LAST TWELVE MONTHS AS A RESULT OF BEING CONTACTED BY PROVIDER: NONE OF THESE CHANGES AS A RESULT OF BEING CONTACTED BY PROVIDER,Nominal,Input,8,Right,F1,F1
ANYBUNINDEX,1973,TOTAL BUNDLE ENGAGEMENT INDEX,Nominal,Input,8,Right,F1,F1
QUADINDEX,1974,QUAD PLAY ENGAGEMENT INDEX,Nominal,Input,8,Right,F1,F1
TPINDEX,1975,TRIPLE PLAY ENGAGEMENT INDEX,Nominal,Input,8,Right,F1,F1
DPINDEX,1976,DUAL PLAY ENGAGEMENT INDEX,Nominal,Input,8,Right,F1,F1
WT1,1977,WEIGHTING VARIABLE,Scale,Input,15,Right,F16.4,F16.4
Variables in the working file,,,,,,,,
